date,country,Confirmed,Deaths,Recovered
2020-01-22,Hong Kong,0.0,0.0,0.0
2020-01-22,Japan,2.0,0.0,0.0
2020-01-22,Macau,1.0,0.0,0.0
2020-01-22,Mainland China,547.0,17.0,28.0
2020-01-22,South Korea,1.0,0.0,0.0
2020-01-22,Taiwan,1.0,0.0,0.0
2020-01-22,Thailand,2.0,0.0,0.0
2020-01-22,US,1.0,0.0,0.0
2020-01-23,Australia,0.0,0.0,0.0
2020-01-23,Brazil,0.0,0.0,0.0
2020-01-23,Colombia,0.0,0.0,0.0
2020-01-23,Hong Kong,2.0,0.0,0.0
2020-01-23,Japan,1.0,0.0,0.0
2020-01-23,Macau,2.0,0.0,0.0
2020-01-23,Mainland China,639.0,18.0,30.0
2020-01-23,Malaysia,0.0,0.0,0.0
2020-01-23,Mexico,0.0,0.0,0.0
2020-01-23,Philippines,0.0,0.0,0.0
2020-01-23,Singapore,1.0,0.0,0.0
2020-01-23,South Korea,1.0,0.0,0.0
2020-01-23,Taiwan,1.0,0.0,0.0
2020-01-23,Thailand,3.0,0.0,0.0
2020-01-23,US,1.0,0.0,0.0
2020-01-23,Vietnam,2.0,0.0,0.0
2020-01-24,France,2.0,0.0,0.0
2020-01-24,Hong Kong,2.0,0.0,0.0
2020-01-24,Japan,2.0,0.0,0.0
2020-01-24,Macau,2.0,0.0,0.0
2020-01-24,Mainland China,916.0,26.0,36.0
2020-01-24,Singapore,3.0,0.0,0.0
2020-01-24,South Korea,2.0,0.0,0.0
2020-01-24,Taiwan,3.0,0.0,0.0
2020-01-24,Thailand,5.0,0.0,0.0
2020-01-24,US,2.0,0.0,0.0
2020-01-24,Vietnam,2.0,0.0,0.0
2020-01-25,Australia,4.0,0.0,0.0
2020-01-25,France,3.0,0.0,0.0
2020-01-25,Hong Kong,5.0,0.0,0.0
2020-01-25,Japan,2.0,0.0,0.0
2020-01-25,Macau,2.0,0.0,0.0
2020-01-25,Mainland China,1399.0,42.0,39.0
2020-01-25,Malaysia,3.0,0.0,0.0
2020-01-25,Nepal,1.0,0.0,0.0
2020-01-25,Singapore,3.0,0.0,0.0
2020-01-25,South Korea,2.0,0.0,0.0
2020-01-25,Taiwan,3.0,0.0,0.0
2020-01-25,Thailand,7.0,0.0,0.0
2020-01-25,US,2.0,0.0,0.0
2020-01-25,Vietnam,2.0,0.0,0.0
2020-01-26,Australia,4.0,0.0,0.0
2020-01-26,Canada,1.0,0.0,0.0
2020-01-26,France,3.0,0.0,0.0
2020-01-26,Hong Kong,8.0,0.0,0.0
2020-01-26,Japan,4.0,0.0,1.0
2020-01-26,Macau,5.0,0.0,0.0
2020-01-26,Mainland China,2062.0,56.0,49.0
2020-01-26,Malaysia,4.0,0.0,0.0
2020-01-26,Nepal,1.0,0.0,0.0
2020-01-26,Singapore,4.0,0.0,0.0
2020-01-26,South Korea,3.0,0.0,0.0
2020-01-26,Taiwan,4.0,0.0,0.0
2020-01-26,Thailand,8.0,0.0,2.0
2020-01-26,US,5.0,0.0,0.0
2020-01-26,Vietnam,2.0,0.0,0.0
2020-01-27,Australia,5.0,0.0,0.0
2020-01-27,Cambodia,1.0,0.0,0.0
2020-01-27,Canada,1.0,0.0,0.0
2020-01-27,France,3.0,0.0,0.0
2020-01-27,Hong Kong,8.0,0.0,0.0
2020-01-27,Ivory Coast,1.0,0.0,0.0
2020-01-27,Japan,4.0,0.0,1.0
2020-01-27,Macau,6.0,0.0,0.0
2020-01-27,Mainland China,2863.0,82.0,58.0
2020-01-27,Malaysia,4.0,0.0,0.0
2020-01-27,Nepal,1.0,0.0,0.0
2020-01-27,Singapore,5.0,0.0,0.0
2020-01-27,South Korea,4.0,0.0,0.0
2020-01-27,Sri Lanka,1.0,0.0,0.0
2020-01-27,Taiwan,5.0,0.0,0.0
2020-01-27,Thailand,8.0,0.0,2.0
2020-01-27,US,5.0,0.0,0.0
2020-01-27,Vietnam,2.0,0.0,0.0
2020-01-28,Australia,5.0,0.0,0.0
2020-01-28,Cambodia,1.0,0.0,0.0
2020-01-28,Canada,2.0,0.0,0.0
2020-01-28,France,4.0,0.0,0.0
2020-01-28,Germany,4.0,0.0,0.0
2020-01-28,Hong Kong,8.0,0.0,0.0
2020-01-28,Japan,7.0,0.0,1.0
2020-01-28,Macau,7.0,0.0,0.0
2020-01-28,Mainland China,5494.0,131.0,101.0
2020-01-28,Malaysia,4.0,0.0,0.0
2020-01-28,Nepal,1.0,0.0,0.0
2020-01-28,Singapore,7.0,0.0,0.0
2020-01-28,South Korea,4.0,0.0,0.0
2020-01-28,Sri Lanka,1.0,0.0,0.0
2020-01-28,Taiwan,8.0,0.0,0.0
2020-01-28,Thailand,14.0,0.0,5.0
2020-01-28,US,5.0,0.0,0.0
2020-01-28,Vietnam,2.0,0.0,0.0
2020-01-29,Australia,5.0,0.0,0.0
2020-01-29,Cambodia,1.0,0.0,0.0
2020-01-29,Canada,2.0,0.0,0.0
2020-01-29,Finland,1.0,0.0,0.0
2020-01-29,France,5.0,0.0,0.0
2020-01-29,Germany,4.0,0.0,0.0
2020-01-29,Hong Kong,10.0,0.0,0.0
2020-01-29,Japan,7.0,0.0,1.0
2020-01-29,Macau,7.0,0.0,0.0
2020-01-29,Mainland China,6070.0,133.0,120.0
2020-01-29,Malaysia,7.0,0.0,0.0
2020-01-29,Nepal,1.0,0.0,0.0
2020-01-29,Singapore,7.0,0.0,0.0
2020-01-29,South Korea,4.0,0.0,0.0
2020-01-29,Sri Lanka,1.0,0.0,0.0
2020-01-29,Taiwan,8.0,0.0,0.0
2020-01-29,Thailand,14.0,0.0,5.0
2020-01-29,US,5.0,0.0,0.0
2020-01-29,United Arab Emirates,4.0,0.0,0.0
2020-01-29,Vietnam,2.0,0.0,0.0
2020-01-30,Australia,9.0,0.0,2.0
2020-01-30,Cambodia,1.0,0.0,0.0
2020-01-30,Canada,3.0,0.0,0.0
2020-01-30,Finland,1.0,0.0,0.0
2020-01-30,France,5.0,0.0,0.0
2020-01-30,Germany,4.0,0.0,0.0
2020-01-30,Hong Kong,10.0,0.0,0.0
2020-01-30,India,1.0,0.0,0.0
2020-01-30,Japan,11.0,0.0,1.0
2020-01-30,Macau,7.0,0.0,0.0
2020-01-30,Mainland China,8124.0,171.0,135.0
2020-01-30,Malaysia,8.0,0.0,0.0
2020-01-30,Nepal,1.0,0.0,0.0
2020-01-30,Philippines,1.0,0.0,0.0
2020-01-30,Singapore,10.0,0.0,0.0
2020-01-30,South Korea,4.0,0.0,0.0
2020-01-30,Sri Lanka,1.0,0.0,0.0
2020-01-30,Taiwan,9.0,0.0,0.0
2020-01-30,Thailand,14.0,0.0,5.0
2020-01-30,US,5.0,0.0,0.0
2020-01-30,United Arab Emirates,4.0,0.0,0.0
2020-01-30,Vietnam,2.0,0.0,0.0
2020-01-31,Australia,9.0,0.0,2.0
2020-01-31,Cambodia,1.0,0.0,0.0
2020-01-31,Canada,3.0,0.0,0.0
2020-01-31,Finland,1.0,0.0,0.0
2020-01-31,France,5.0,0.0,0.0
2020-01-31,Germany,5.0,0.0,0.0
2020-01-31,Hong Kong,12.0,0.0,0.0
2020-01-31,India,1.0,0.0,0.0
2020-01-31,Italy,2.0,0.0,0.0
2020-01-31,Japan,15.0,0.0,1.0
2020-01-31,Macau,7.0,0.0,0.0
2020-01-31,Mainland China,9783.0,213.0,214.0
2020-01-31,Malaysia,8.0,0.0,0.0
2020-01-31,Nepal,1.0,0.0,0.0
2020-01-31,Philippines,1.0,0.0,0.0
2020-01-31,Russia,2.0,0.0,0.0
2020-01-31,Singapore,13.0,0.0,0.0
2020-01-31,South Korea,11.0,0.0,0.0
2020-01-31,Sri Lanka,1.0,0.0,0.0
2020-01-31,Sweden,1.0,0.0,0.0
2020-01-31,Taiwan,10.0,0.0,0.0
2020-01-31,Thailand,19.0,0.0,5.0
2020-01-31,UK,2.0,0.0,0.0
2020-01-31,US,6.0,0.0,0.0
2020-01-31,United Arab Emirates,4.0,0.0,0.0
2020-01-31,Vietnam,2.0,0.0,0.0
2020-02-01,Australia,12.0,0.0,2.0
2020-02-01,Cambodia,1.0,0.0,0.0
2020-02-01,Canada,4.0,0.0,0.0
2020-02-01,Finland,1.0,0.0,0.0
2020-02-01,France,6.0,0.0,0.0
2020-02-01,Germany,8.0,0.0,0.0
2020-02-01,Hong Kong,13.0,0.0,0.0
2020-02-01,India,1.0,0.0,0.0
2020-02-01,Italy,2.0,0.0,0.0
2020-02-01,Japan,20.0,0.0,1.0
2020-02-01,Macau,7.0,0.0,0.0
2020-02-01,Mainland China,11871.0,259.0,275.0
2020-02-01,Malaysia,8.0,0.0,0.0
2020-02-01,Nepal,1.0,0.0,0.0
2020-02-01,Philippines,1.0,0.0,0.0
2020-02-01,Russia,2.0,0.0,0.0
2020-02-01,Singapore,16.0,0.0,0.0
2020-02-01,South Korea,12.0,0.0,0.0
2020-02-01,Spain,1.0,0.0,0.0
2020-02-01,Sri Lanka,1.0,0.0,0.0
2020-02-01,Sweden,1.0,0.0,0.0
2020-02-01,Taiwan,10.0,0.0,0.0
2020-02-01,Thailand,19.0,0.0,5.0
2020-02-01,UK,2.0,0.0,0.0
2020-02-01,US,8.0,0.0,0.0
2020-02-01,United Arab Emirates,4.0,0.0,0.0
2020-02-01,Vietnam,6.0,0.0,1.0
2020-02-02,Australia,12.0,0.0,2.0
2020-02-02,Cambodia,1.0,0.0,0.0
2020-02-02,Canada,4.0,0.0,0.0
2020-02-02,Finland,1.0,0.0,0.0
2020-02-02,France,6.0,0.0,0.0
2020-02-02,Germany,10.0,0.0,0.0
2020-02-02,Hong Kong,15.0,0.0,0.0
2020-02-02,India,2.0,0.0,0.0
2020-02-02,Italy,2.0,0.0,0.0
2020-02-02,Japan,20.0,0.0,1.0
2020-02-02,Macau,8.0,0.0,0.0
2020-02-02,Mainland China,16607.0,361.0,463.0
2020-02-02,Malaysia,8.0,0.0,0.0
2020-02-02,Nepal,1.0,0.0,0.0
2020-02-02,Philippines,2.0,1.0,0.0
2020-02-02,Russia,2.0,0.0,0.0
2020-02-02,Singapore,18.0,0.0,0.0
2020-02-02,South Korea,15.0,0.0,0.0
2020-02-02,Spain,1.0,0.0,0.0
2020-02-02,Sri Lanka,1.0,0.0,0.0
2020-02-02,Sweden,1.0,0.0,0.0
2020-02-02,Taiwan,10.0,0.0,0.0
2020-02-02,Thailand,19.0,0.0,5.0
2020-02-02,UK,2.0,0.0,0.0
2020-02-02,US,8.0,0.0,0.0
2020-02-02,United Arab Emirates,5.0,0.0,0.0
2020-02-02,Vietnam,6.0,0.0,1.0
2020-02-03,Australia,12.0,0.0,2.0
2020-02-03,Cambodia,1.0,0.0,0.0
2020-02-03,Canada,4.0,0.0,0.0
2020-02-03,Finland,1.0,0.0,0.0
2020-02-03,France,6.0,0.0,0.0
2020-02-03,Germany,12.0,0.0,0.0
2020-02-03,Hong Kong,15.0,0.0,0.0
2020-02-03,India,3.0,0.0,0.0
2020-02-03,Italy,2.0,0.0,0.0
2020-02-03,Japan,20.0,0.0,1.0
2020-02-03,Macau,8.0,0.0,0.0
2020-02-03,Mainland China,19693.0,425.0,614.0
2020-02-03,Malaysia,8.0,0.0,0.0
2020-02-03,Nepal,1.0,0.0,0.0
2020-02-03,Philippines,2.0,1.0,0.0
2020-02-03,Russia,2.0,0.0,0.0
2020-02-03,Singapore,18.0,0.0,0.0
2020-02-03,South Korea,15.0,0.0,0.0
2020-02-03,Spain,1.0,0.0,0.0
2020-02-03,Sri Lanka,1.0,0.0,0.0
2020-02-03,Sweden,1.0,0.0,0.0
2020-02-03,Taiwan,10.0,0.0,0.0
2020-02-03,Thailand,19.0,0.0,5.0
2020-02-03,UK,2.0,0.0,0.0
2020-02-03,US,11.0,0.0,0.0
2020-02-03,United Arab Emirates,5.0,0.0,0.0
2020-02-03,Vietnam,8.0,0.0,1.0
2020-02-04,Australia,13.0,0.0,2.0
2020-02-04,Belgium,1.0,0.0,0.0
2020-02-04,Cambodia,1.0,0.0,0.0
2020-02-04,Canada,4.0,0.0,0.0
2020-02-04,Finland,1.0,0.0,0.0
2020-02-04,France,6.0,0.0,0.0
2020-02-04,Germany,12.0,0.0,0.0
2020-02-04,Hong Kong,17.0,1.0,0.0
2020-02-04,India,3.0,0.0,0.0
2020-02-04,Italy,2.0,0.0,0.0
2020-02-04,Japan,22.0,0.0,1.0
2020-02-04,Macau,10.0,0.0,0.0
2020-02-04,Mainland China,23680.0,490.0,843.0
2020-02-04,Malaysia,10.0,0.0,0.0
2020-02-04,Nepal,1.0,0.0,0.0
2020-02-04,Philippines,2.0,1.0,0.0
2020-02-04,Russia,2.0,0.0,0.0
2020-02-04,Singapore,24.0,0.0,0.0
2020-02-04,South Korea,16.0,0.0,0.0
2020-02-04,Spain,1.0,0.0,0.0
2020-02-04,Sri Lanka,1.0,0.0,0.0
2020-02-04,Sweden,1.0,0.0,0.0
2020-02-04,Taiwan,11.0,0.0,0.0
2020-02-04,Thailand,25.0,0.0,5.0
2020-02-04,UK,2.0,0.0,0.0
2020-02-04,US,11.0,0.0,0.0
2020-02-04,United Arab Emirates,5.0,0.0,0.0
2020-02-04,Vietnam,8.0,0.0,1.0
2020-02-05,Australia,13.0,0.0,2.0
2020-02-05,Belgium,1.0,0.0,0.0
2020-02-05,Cambodia,1.0,0.0,0.0
2020-02-05,Canada,5.0,0.0,0.0
2020-02-05,Finland,1.0,0.0,0.0
2020-02-05,France,6.0,0.0,0.0
2020-02-05,Germany,12.0,0.0,0.0
2020-02-05,Hong Kong,21.0,1.0,0.0
2020-02-05,India,3.0,0.0,0.0
2020-02-05,Italy,2.0,0.0,0.0
2020-02-05,Japan,22.0,0.0,1.0
2020-02-05,Macau,10.0,0.0,0.0
2020-02-05,Mainland China,27409.0,562.0,1115.0
2020-02-05,Malaysia,12.0,0.0,0.0
2020-02-05,Nepal,1.0,0.0,0.0
2020-02-05,Philippines,2.0,1.0,0.0
2020-02-05,Russia,2.0,0.0,0.0
2020-02-05,Singapore,28.0,0.0,0.0
2020-02-05,South Korea,19.0,0.0,0.0
2020-02-05,Spain,1.0,0.0,0.0
2020-02-05,Sri Lanka,1.0,0.0,0.0
2020-02-05,Sweden,1.0,0.0,0.0
2020-02-05,Taiwan,11.0,0.0,0.0
2020-02-05,Thailand,25.0,0.0,5.0
2020-02-05,UK,2.0,0.0,0.0
2020-02-05,US,12.0,0.0,0.0
2020-02-05,United Arab Emirates,5.0,0.0,0.0
2020-02-05,Vietnam,8.0,0.0,1.0
2020-02-06,Australia,14.0,0.0,2.0
2020-02-06,Belgium,1.0,0.0,0.0
2020-02-06,Cambodia,1.0,0.0,0.0
2020-02-06,Canada,5.0,0.0,0.0
2020-02-06,Finland,1.0,0.0,0.0
2020-02-06,France,6.0,0.0,0.0
2020-02-06,Germany,12.0,0.0,0.0
2020-02-06,Hong Kong,24.0,1.0,0.0
2020-02-06,India,3.0,0.0,0.0
2020-02-06,Italy,2.0,0.0,0.0
2020-02-06,Japan,45.0,0.0,1.0
2020-02-06,Macau,10.0,0.0,1.0
2020-02-06,Mainland China,30553.0,632.0,1476.0
2020-02-06,Malaysia,12.0,0.0,0.0
2020-02-06,Nepal,1.0,0.0,0.0
2020-02-06,Philippines,2.0,1.0,0.0
2020-02-06,Russia,2.0,0.0,0.0
2020-02-06,Singapore,28.0,0.0,0.0
2020-02-06,South Korea,23.0,0.0,0.0
2020-02-06,Spain,1.0,0.0,0.0
2020-02-06,Sri Lanka,1.0,0.0,0.0
2020-02-06,Sweden,1.0,0.0,0.0
2020-02-06,Taiwan,16.0,0.0,1.0
2020-02-06,Thailand,25.0,0.0,5.0
2020-02-06,UK,2.0,0.0,0.0
2020-02-06,US,12.0,0.0,0.0
2020-02-06,United Arab Emirates,5.0,0.0,0.0
2020-02-06,Vietnam,10.0,0.0,1.0
2020-02-07,Australia,15.0,0.0,2.0
2020-02-07,Belgium,1.0,0.0,0.0
2020-02-07,Cambodia,1.0,0.0,0.0
2020-02-07,Canada,7.0,0.0,0.0
2020-02-07,Finland,1.0,0.0,0.0
2020-02-07,France,6.0,0.0,0.0
2020-02-07,Germany,13.0,0.0,0.0
2020-02-07,Hong Kong,25.0,1.0,0.0
2020-02-07,India,3.0,0.0,0.0
2020-02-07,Italy,3.0,0.0,0.0
2020-02-07,Japan,25.0,0.0,1.0
2020-02-07,Macau,10.0,0.0,1.0
2020-02-07,Mainland China,34075.0,717.0,1998.0
2020-02-07,Malaysia,12.0,0.0,1.0
2020-02-07,Nepal,1.0,0.0,0.0
2020-02-07,Others,61.0,0.0,0.0
2020-02-07,Philippines,3.0,1.0,0.0
2020-02-07,Russia,2.0,0.0,0.0
2020-02-07,Singapore,30.0,0.0,0.0
2020-02-07,South Korea,24.0,0.0,1.0
2020-02-07,Spain,1.0,0.0,0.0
2020-02-07,Sri Lanka,1.0,0.0,0.0
2020-02-07,Sweden,1.0,0.0,0.0
2020-02-07,Taiwan,16.0,0.0,1.0
2020-02-07,Thailand,25.0,0.0,5.0
2020-02-07,UK,3.0,0.0,0.0
2020-02-07,US,12.0,0.0,0.0
2020-02-07,United Arab Emirates,5.0,0.0,0.0
2020-02-07,Vietnam,10.0,0.0,1.0
2020-02-08,Australia,15.0,0.0,2.0
2020-02-08,Belgium,1.0,0.0,0.0
2020-02-08,Cambodia,1.0,0.0,0.0
2020-02-08,Canada,7.0,0.0,0.0
2020-02-08,Finland,1.0,0.0,0.0
2020-02-08,France,11.0,0.0,0.0
2020-02-08,Germany,13.0,0.0,0.0
2020-02-08,Hong Kong,26.0,1.0,0.0
2020-02-08,India,3.0,0.0,0.0
2020-02-08,Italy,3.0,0.0,0.0
2020-02-08,Japan,25.0,0.0,1.0
2020-02-08,Macau,10.0,0.0,1.0
2020-02-08,Mainland China,36778.0,804.0,2595.0
2020-02-08,Malaysia,16.0,0.0,1.0
2020-02-08,Nepal,1.0,0.0,0.0
2020-02-08,Others,61.0,0.0,0.0
2020-02-08,Philippines,3.0,1.0,0.0
2020-02-08,Russia,2.0,0.0,0.0
2020-02-08,Singapore,33.0,0.0,2.0
2020-02-08,South Korea,24.0,0.0,1.0
2020-02-08,Spain,1.0,0.0,0.0
2020-02-08,Sri Lanka,1.0,0.0,1.0
2020-02-08,Sweden,1.0,0.0,0.0
2020-02-08,Taiwan,17.0,0.0,1.0
2020-02-08,Thailand,32.0,0.0,10.0
2020-02-08,UK,3.0,0.0,0.0
2020-02-08,US,12.0,0.0,0.0
2020-02-08,United Arab Emirates,7.0,0.0,0.0
2020-02-08,Vietnam,13.0,0.0,1.0
2020-02-09,Australia,15.0,0.0,2.0
2020-02-09,Belgium,1.0,0.0,0.0
2020-02-09,Cambodia,1.0,0.0,0.0
2020-02-09,Canada,7.0,0.0,0.0
2020-02-09,Finland,1.0,0.0,0.0
2020-02-09,France,11.0,0.0,0.0
2020-02-09,Germany,14.0,0.0,0.0
2020-02-09,Hong Kong,29.0,1.0,0.0
2020-02-09,India,3.0,0.0,0.0
2020-02-09,Italy,3.0,0.0,0.0
2020-02-09,Japan,26.0,0.0,1.0
2020-02-09,Macau,10.0,0.0,1.0
2020-02-09,Mainland China,39790.0,904.0,3218.0
2020-02-09,Malaysia,16.0,0.0,1.0
2020-02-09,Nepal,1.0,0.0,0.0
2020-02-09,Others,64.0,0.0,0.0
2020-02-09,Philippines,3.0,1.0,0.0
2020-02-09,Russia,2.0,0.0,0.0
2020-02-09,Singapore,40.0,0.0,2.0
2020-02-09,South Korea,25.0,0.0,3.0
2020-02-09,Spain,2.0,0.0,0.0
2020-02-09,Sri Lanka,1.0,0.0,1.0
2020-02-09,Sweden,1.0,0.0,0.0
2020-02-09,Taiwan,18.0,0.0,1.0
2020-02-09,Thailand,32.0,0.0,10.0
2020-02-09,UK,3.0,0.0,0.0
2020-02-09,US,12.0,0.0,3.0
2020-02-09,United Arab Emirates,7.0,0.0,0.0
2020-02-09,Vietnam,13.0,0.0,1.0
2020-02-10,Australia,15.0,0.0,2.0
2020-02-10,Belgium,1.0,0.0,0.0
2020-02-10,Cambodia,1.0,0.0,0.0
2020-02-10,Canada,7.0,0.0,0.0
2020-02-10,Finland,1.0,0.0,0.0
2020-02-10,France,11.0,0.0,0.0
2020-02-10,Germany,14.0,0.0,0.0
2020-02-10,Hong Kong,38.0,1.0,0.0
2020-02-10,India,3.0,0.0,0.0
2020-02-10,Italy,3.0,0.0,0.0
2020-02-10,Japan,26.0,0.0,4.0
2020-02-10,Macau,10.0,0.0,1.0
2020-02-10,Mainland China,42306.0,1011.0,3917.0
2020-02-10,Malaysia,18.0,0.0,1.0
2020-02-10,Nepal,1.0,0.0,0.0
2020-02-10,Others,135.0,0.0,0.0
2020-02-10,Philippines,3.0,1.0,0.0
2020-02-10,Russia,2.0,0.0,0.0
2020-02-10,Singapore,45.0,0.0,2.0
2020-02-10,South Korea,27.0,0.0,3.0
2020-02-10,Spain,2.0,0.0,0.0
2020-02-10,Sri Lanka,1.0,0.0,1.0
2020-02-10,Sweden,1.0,0.0,0.0
2020-02-10,Taiwan,18.0,0.0,1.0
2020-02-10,Thailand,32.0,0.0,10.0
2020-02-10,UK,8.0,0.0,0.0
2020-02-10,US,12.0,0.0,3.0
2020-02-10,United Arab Emirates,8.0,0.0,0.0
2020-02-10,Vietnam,14.0,0.0,1.0
2020-02-11,Australia,15.0,0.0,2.0
2020-02-11,Belgium,1.0,0.0,0.0
2020-02-11,Cambodia,1.0,0.0,0.0
2020-02-11,Canada,7.0,0.0,0.0
2020-02-11,Finland,1.0,0.0,0.0
2020-02-11,France,11.0,0.0,0.0
2020-02-11,Germany,16.0,0.0,0.0
2020-02-11,Hong Kong,49.0,1.0,0.0
2020-02-11,India,3.0,0.0,0.0
2020-02-11,Italy,3.0,0.0,0.0
2020-02-11,Japan,26.0,0.0,9.0
2020-02-11,Macau,10.0,0.0,1.0
2020-02-11,Mainland China,44327.0,1111.0,4635.0
2020-02-11,Malaysia,18.0,0.0,3.0
2020-02-11,Nepal,1.0,0.0,0.0
2020-02-11,Others,135.0,0.0,0.0
2020-02-11,Philippines,3.0,1.0,0.0
2020-02-11,Russia,2.0,0.0,0.0
2020-02-11,Singapore,47.0,0.0,9.0
2020-02-11,South Korea,28.0,0.0,3.0
2020-02-11,Spain,2.0,0.0,0.0
2020-02-11,Sri Lanka,1.0,0.0,1.0
2020-02-11,Sweden,1.0,0.0,0.0
2020-02-11,Taiwan,18.0,0.0,1.0
2020-02-11,Thailand,33.0,0.0,10.0
2020-02-11,UK,8.0,0.0,0.0
2020-02-11,US,13.0,0.0,3.0
2020-02-11,United Arab Emirates,8.0,0.0,0.0
2020-02-11,Vietnam,15.0,0.0,6.0
2020-02-12,Australia,15.0,0.0,2.0
2020-02-12,Belgium,1.0,0.0,0.0
2020-02-12,Cambodia,1.0,0.0,1.0
2020-02-12,Canada,7.0,0.0,1.0
2020-02-12,Finland,1.0,0.0,1.0
2020-02-12,France,11.0,0.0,2.0
2020-02-12,Germany,16.0,0.0,0.0
2020-02-12,Hong Kong,50.0,1.0,1.0
2020-02-12,India,3.0,0.0,0.0
2020-02-12,Italy,3.0,0.0,0.0
2020-02-12,Japan,28.0,0.0,9.0
2020-02-12,Macau,10.0,0.0,2.0
2020-02-12,Mainland China,44699.0,1116.0,5079.0
2020-02-12,Malaysia,18.0,0.0,3.0
2020-02-12,Nepal,1.0,0.0,1.0
2020-02-12,Others,175.0,0.0,0.0
2020-02-12,Philippines,3.0,1.0,1.0
2020-02-12,Russia,2.0,0.0,2.0
2020-02-12,Singapore,50.0,0.0,15.0
2020-02-12,South Korea,28.0,0.0,7.0
2020-02-12,Spain,2.0,0.0,0.0
2020-02-12,Sri Lanka,1.0,0.0,1.0
2020-02-12,Sweden,1.0,0.0,0.0
2020-02-12,Taiwan,18.0,0.0,1.0
2020-02-12,Thailand,33.0,0.0,10.0
2020-02-12,UK,9.0,0.0,1.0
2020-02-12,US,13.0,0.0,3.0
2020-02-12,United Arab Emirates,8.0,0.0,1.0
2020-02-12,Vietnam,15.0,0.0,6.0
2020-02-13,Australia,15.0,0.0,8.0
2020-02-13,Belgium,1.0,0.0,0.0
2020-02-13,Cambodia,1.0,0.0,1.0
2020-02-13,Canada,7.0,0.0,1.0
2020-02-13,Finland,1.0,0.0,1.0
2020-02-13,France,11.0,0.0,2.0
2020-02-13,Germany,16.0,0.0,1.0
2020-02-13,Hong Kong,53.0,1.0,1.0
2020-02-13,India,3.0,0.0,0.0
2020-02-13,Italy,3.0,0.0,0.0
2020-02-13,Japan,28.0,1.0,9.0
2020-02-13,Macau,10.0,0.0,3.0
2020-02-13,Mainland China,59832.0,1368.0,6213.0
2020-02-13,Malaysia,19.0,0.0,3.0
2020-02-13,Nepal,1.0,0.0,1.0
2020-02-13,Others,175.0,0.0,0.0
2020-02-13,Philippines,3.0,1.0,1.0
2020-02-13,Russia,2.0,0.0,2.0
2020-02-13,Singapore,58.0,0.0,15.0
2020-02-13,South Korea,28.0,0.0,7.0
2020-02-13,Spain,2.0,0.0,0.0
2020-02-13,Sri Lanka,1.0,0.0,1.0
2020-02-13,Sweden,1.0,0.0,0.0
2020-02-13,Taiwan,18.0,0.0,1.0
2020-02-13,Thailand,33.0,0.0,12.0
2020-02-13,UK,9.0,0.0,1.0
2020-02-13,US,15.0,0.0,3.0
2020-02-13,United Arab Emirates,8.0,0.0,1.0
2020-02-13,Vietnam,16.0,0.0,7.0
2020-02-14,Australia,15.0,0.0,8.0
2020-02-14,Belgium,1.0,0.0,0.0
2020-02-14,Cambodia,1.0,0.0,1.0
2020-02-14,Canada,7.0,0.0,1.0
2020-02-14,Egypt,1.0,0.0,0.0
2020-02-14,Finland,1.0,0.0,1.0
2020-02-14,France,11.0,0.0,2.0
2020-02-14,Germany,16.0,0.0,1.0
2020-02-14,Hong Kong,56.0,1.0,1.0
2020-02-14,India,3.0,0.0,0.0
2020-02-14,Italy,3.0,0.0,0.0
2020-02-14,Japan,29.0,1.0,9.0
2020-02-14,Macau,10.0,0.0,3.0
2020-02-14,Mainland China,66292.0,1520.0,7973.0
2020-02-14,Malaysia,19.0,0.0,3.0
2020-02-14,Nepal,1.0,0.0,1.0
2020-02-14,Others,218.0,0.0,0.0
2020-02-14,Philippines,3.0,1.0,1.0
2020-02-14,Russia,2.0,0.0,2.0
2020-02-14,Singapore,67.0,0.0,17.0
2020-02-14,South Korea,28.0,0.0,7.0
2020-02-14,Spain,2.0,0.0,0.0
2020-02-14,Sri Lanka,1.0,0.0,1.0
2020-02-14,Sweden,1.0,0.0,0.0
2020-02-14,Taiwan,18.0,0.0,2.0
2020-02-14,Thailand,33.0,0.0,12.0
2020-02-14,UK,9.0,0.0,1.0
2020-02-14,US,15.0,0.0,3.0
2020-02-14,United Arab Emirates,8.0,0.0,1.0
2020-02-14,Vietnam,16.0,0.0,7.0
2020-02-15,Australia,15.0,0.0,8.0
2020-02-15,Belgium,1.0,0.0,0.0
2020-02-15,Cambodia,1.0,0.0,1.0
2020-02-15,Canada,7.0,0.0,1.0
2020-02-15,Egypt,1.0,0.0,0.0
2020-02-15,Finland,1.0,0.0,1.0
2020-02-15,France,12.0,1.0,4.0
2020-02-15,Germany,16.0,0.0,1.0
2020-02-15,Hong Kong,56.0,1.0,1.0
2020-02-15,India,3.0,0.0,0.0
2020-02-15,Italy,3.0,0.0,0.0
2020-02-15,Japan,43.0,1.0,12.0
2020-02-15,Macau,10.0,0.0,3.0
2020-02-15,Mainland China,68347.0,1662.0,9294.0
2020-02-15,Malaysia,22.0,0.0,7.0
2020-02-15,Nepal,1.0,0.0,1.0
2020-02-15,Others,285.0,0.0,0.0
2020-02-15,Philippines,3.0,1.0,1.0
2020-02-15,Russia,2.0,0.0,2.0
2020-02-15,Singapore,72.0,0.0,18.0
2020-02-15,South Korea,28.0,0.0,9.0
2020-02-15,Spain,2.0,0.0,2.0
2020-02-15,Sri Lanka,1.0,0.0,1.0
2020-02-15,Sweden,1.0,0.0,0.0
2020-02-15,Taiwan,18.0,0.0,2.0
2020-02-15,Thailand,33.0,0.0,12.0
2020-02-15,UK,9.0,0.0,1.0
2020-02-15,US,15.0,0.0,3.0
2020-02-15,United Arab Emirates,8.0,0.0,3.0
2020-02-15,Vietnam,16.0,0.0,7.0
2020-02-16,Australia,15.0,0.0,8.0
2020-02-16,Belgium,1.0,0.0,0.0
2020-02-16,Cambodia,1.0,0.0,1.0
2020-02-16,Canada,7.0,0.0,1.0
2020-02-16,Egypt,1.0,0.0,0.0
2020-02-16,Finland,1.0,0.0,1.0
2020-02-16,France,12.0,1.0,4.0
2020-02-16,Germany,16.0,0.0,1.0
2020-02-16,Hong Kong,57.0,1.0,2.0
2020-02-16,India,3.0,0.0,3.0
2020-02-16,Italy,3.0,0.0,0.0
2020-02-16,Japan,59.0,1.0,12.0
2020-02-16,Macau,10.0,0.0,5.0
2020-02-16,Mainland China,70446.0,1765.0,10748.0
2020-02-16,Malaysia,22.0,0.0,7.0
2020-02-16,Nepal,1.0,0.0,1.0
2020-02-16,Others,355.0,0.0,0.0
2020-02-16,Philippines,3.0,1.0,1.0
2020-02-16,Russia,2.0,0.0,2.0
2020-02-16,Singapore,75.0,0.0,18.0
2020-02-16,South Korea,29.0,0.0,9.0
2020-02-16,Spain,2.0,0.0,2.0
2020-02-16,Sri Lanka,1.0,0.0,1.0
2020-02-16,Sweden,1.0,0.0,0.0
2020-02-16,Taiwan,20.0,1.0,2.0
2020-02-16,Thailand,34.0,0.0,14.0
2020-02-16,UK,9.0,0.0,8.0
2020-02-16,US,15.0,0.0,3.0
2020-02-16,United Arab Emirates,9.0,0.0,4.0
2020-02-16,Vietnam,16.0,0.0,7.0
2020-02-17,Australia,15.0,0.0,10.0
2020-02-17,Belgium,1.0,0.0,1.0
2020-02-17,Cambodia,1.0,0.0,1.0
2020-02-17,Canada,8.0,0.0,1.0
2020-02-17,Egypt,1.0,0.0,0.0
2020-02-17,Finland,1.0,0.0,1.0
2020-02-17,France,12.0,1.0,4.0
2020-02-17,Germany,16.0,0.0,1.0
2020-02-17,Hong Kong,60.0,1.0,2.0
2020-02-17,India,3.0,0.0,3.0
2020-02-17,Italy,3.0,0.0,0.0
2020-02-17,Japan,66.0,1.0,12.0
2020-02-17,Macau,10.0,0.0,5.0
2020-02-17,Mainland China,72364.0,1863.0,12455.0
2020-02-17,Malaysia,22.0,0.0,7.0
2020-02-17,Nepal,1.0,0.0,1.0
2020-02-17,Others,454.0,0.0,0.0
2020-02-17,Philippines,3.0,1.0,1.0
2020-02-17,Russia,2.0,0.0,2.0
2020-02-17,Singapore,77.0,0.0,24.0
2020-02-17,South Korea,30.0,0.0,10.0
2020-02-17,Spain,2.0,0.0,2.0
2020-02-17,Sri Lanka,1.0,0.0,1.0
2020-02-17,Sweden,1.0,0.0,0.0
2020-02-17,Taiwan,22.0,1.0,2.0
2020-02-17,Thailand,35.0,0.0,15.0
2020-02-17,UK,9.0,0.0,8.0
2020-02-17,US,15.0,0.0,3.0
2020-02-17,United Arab Emirates,9.0,0.0,4.0
2020-02-17,Vietnam,16.0,0.0,7.0
2020-02-18,Australia,15.0,0.0,10.0
2020-02-18,Belgium,1.0,0.0,1.0
2020-02-18,Cambodia,1.0,0.0,1.0
2020-02-18,Canada,8.0,0.0,1.0
2020-02-18,Egypt,1.0,0.0,0.0
2020-02-18,Finland,1.0,0.0,1.0
2020-02-18,France,12.0,1.0,4.0
2020-02-18,Germany,16.0,0.0,12.0
2020-02-18,Hong Kong,62.0,1.0,2.0
2020-02-18,India,3.0,0.0,3.0
2020-02-18,Italy,3.0,0.0,0.0
2020-02-18,Japan,74.0,1.0,13.0
2020-02-18,Macau,10.0,0.0,5.0
2020-02-18,Mainland China,74139.0,2002.0,14199.0
2020-02-18,Malaysia,22.0,0.0,13.0
2020-02-18,Nepal,1.0,0.0,1.0
2020-02-18,Others,542.0,0.0,0.0
2020-02-18,Philippines,3.0,1.0,1.0
2020-02-18,Russia,2.0,0.0,2.0
2020-02-18,Singapore,81.0,0.0,29.0
2020-02-18,South Korea,31.0,0.0,12.0
2020-02-18,Spain,2.0,0.0,2.0
2020-02-18,Sri Lanka,1.0,0.0,1.0
2020-02-18,Sweden,1.0,0.0,0.0
2020-02-18,Taiwan,22.0,1.0,2.0
2020-02-18,Thailand,35.0,0.0,15.0
2020-02-18,UK,9.0,0.0,8.0
2020-02-18,US,15.0,0.0,3.0
2020-02-18,United Arab Emirates,9.0,0.0,4.0
2020-02-18,Vietnam,16.0,0.0,7.0
2020-02-19,Australia,15.0,0.0,10.0
2020-02-19,Belgium,1.0,0.0,1.0
2020-02-19,Cambodia,1.0,0.0,1.0
2020-02-19,Canada,8.0,0.0,1.0
2020-02-19,Egypt,1.0,0.0,0.0
2020-02-19,Finland,1.0,0.0,1.0
2020-02-19,France,12.0,1.0,4.0
2020-02-19,Germany,16.0,0.0,12.0
2020-02-19,Hong Kong,63.0,2.0,5.0
2020-02-19,India,3.0,0.0,3.0
2020-02-19,Iran,2.0,2.0,0.0
2020-02-19,Italy,3.0,0.0,0.0
2020-02-19,Japan,84.0,1.0,18.0
2020-02-19,Macau,10.0,0.0,5.0
2020-02-19,Mainland China,74546.0,2114.0,15952.0
2020-02-19,Malaysia,22.0,0.0,15.0
2020-02-19,Nepal,1.0,0.0,1.0
2020-02-19,Others,621.0,0.0,1.0
2020-02-19,Philippines,3.0,1.0,1.0
2020-02-19,Russia,2.0,0.0,2.0
2020-02-19,Singapore,84.0,0.0,34.0
2020-02-19,South Korea,31.0,0.0,12.0
2020-02-19,Spain,2.0,0.0,2.0
2020-02-19,Sri Lanka,1.0,0.0,1.0
2020-02-19,Sweden,1.0,0.0,0.0
2020-02-19,Taiwan,23.0,1.0,2.0
2020-02-19,Thailand,35.0,0.0,15.0
2020-02-19,UK,9.0,0.0,8.0
2020-02-19,US,15.0,0.0,3.0
2020-02-19,United Arab Emirates,9.0,0.0,4.0
2020-02-19,Vietnam,16.0,0.0,7.0
2020-02-20,Australia,15.0,0.0,10.0
2020-02-20,Belgium,1.0,0.0,1.0
2020-02-20,Cambodia,1.0,0.0,1.0
2020-02-20,Canada,8.0,0.0,1.0
2020-02-20,Egypt,1.0,0.0,0.0
2020-02-20,Finland,1.0,0.0,1.0
2020-02-20,France,12.0,1.0,4.0
2020-02-20,Germany,16.0,0.0,12.0
2020-02-20,Hong Kong,68.0,2.0,6.0
2020-02-20,India,3.0,0.0,3.0
2020-02-20,Iran,5.0,2.0,0.0
2020-02-20,Italy,3.0,0.0,0.0
2020-02-20,Japan,94.0,1.0,18.0
2020-02-20,Macau,10.0,0.0,6.0
2020-02-20,Mainland China,74999.0,2236.0,18002.0
2020-02-20,Malaysia,22.0,0.0,15.0
2020-02-20,Nepal,1.0,0.0,1.0
2020-02-20,Others,634.0,2.0,1.0
2020-02-20,Philippines,3.0,1.0,1.0
2020-02-20,Russia,2.0,0.0,2.0
2020-02-20,Singapore,84.0,0.0,34.0
2020-02-20,South Korea,104.0,1.0,16.0
2020-02-20,Spain,2.0,0.0,2.0
2020-02-20,Sri Lanka,1.0,0.0,1.0
2020-02-20,Sweden,1.0,0.0,0.0
2020-02-20,Taiwan,24.0,1.0,2.0
2020-02-20,Thailand,35.0,0.0,15.0
2020-02-20,UK,9.0,0.0,8.0
2020-02-20,US,15.0,0.0,3.0
2020-02-20,United Arab Emirates,9.0,0.0,4.0
2020-02-20,Vietnam,16.0,0.0,7.0
2020-02-21,Australia,19.0,0.0,11.0
2020-02-21,Belgium,1.0,0.0,1.0
2020-02-21,Cambodia,1.0,0.0,1.0
2020-02-21,Canada,9.0,0.0,3.0
2020-02-21,Egypt,1.0,0.0,0.0
2020-02-21,Finland,1.0,0.0,1.0
2020-02-21,France,12.0,1.0,4.0
2020-02-21,Germany,16.0,0.0,14.0
2020-02-21,Hong Kong,68.0,2.0,5.0
2020-02-21,India,3.0,0.0,3.0
2020-02-21,Iran,18.0,4.0,0.0
2020-02-21,Israel,1.0,0.0,0.0
2020-02-21,Italy,20.0,1.0,0.0
2020-02-21,Japan,105.0,1.0,22.0
2020-02-21,Lebanon,1.0,0.0,0.0
2020-02-21,Macau,10.0,0.0,6.0
2020-02-21,Mainland China,75472.0,2236.0,18693.0
2020-02-21,Malaysia,22.0,0.0,15.0
2020-02-21,Nepal,1.0,0.0,1.0
2020-02-21,Others,634.0,2.0,1.0
2020-02-21,Philippines,3.0,1.0,1.0
2020-02-21,Russia,2.0,0.0,2.0
2020-02-21,Singapore,85.0,0.0,37.0
2020-02-21,South Korea,204.0,2.0,16.0
2020-02-21,Spain,2.0,0.0,2.0
2020-02-21,Sri Lanka,1.0,0.0,1.0
2020-02-21,Sweden,1.0,0.0,0.0
2020-02-21,Taiwan,26.0,1.0,2.0
2020-02-21,Thailand,35.0,0.0,17.0
2020-02-21,UK,9.0,0.0,8.0
2020-02-21,US,35.0,0.0,5.0
2020-02-21,United Arab Emirates,9.0,0.0,4.0
2020-02-21,Vietnam,16.0,0.0,14.0
2020-02-22,Australia,22.0,0.0,11.0
2020-02-22,Belgium,1.0,0.0,1.0
2020-02-22,Cambodia,1.0,0.0,1.0
2020-02-22,Canada,9.0,0.0,3.0
2020-02-22,Egypt,1.0,0.0,0.0
2020-02-22,Finland,1.0,0.0,1.0
2020-02-22,France,12.0,1.0,4.0
2020-02-22,Germany,16.0,0.0,14.0
2020-02-22,Hong Kong,69.0,2.0,6.0
2020-02-22,India,3.0,0.0,3.0
2020-02-22,Iran,28.0,5.0,0.0
2020-02-22,Israel,1.0,0.0,0.0
2020-02-22,Italy,62.0,2.0,1.0
2020-02-22,Japan,122.0,1.0,22.0
2020-02-22,Lebanon,1.0,0.0,0.0
2020-02-22,Macau,10.0,0.0,6.0
2020-02-22,Mainland China,76922.0,2441.0,22687.0
2020-02-22,Malaysia,22.0,0.0,15.0
2020-02-22,Nepal,1.0,0.0,1.0
2020-02-22,Others,634.0,2.0,1.0
2020-02-22,Philippines,3.0,1.0,1.0
2020-02-22,Russia,2.0,0.0,2.0
2020-02-22,Singapore,85.0,0.0,37.0
2020-02-22,South Korea,433.0,2.0,16.0
2020-02-22,Spain,2.0,0.0,2.0
2020-02-22,Sri Lanka,1.0,0.0,1.0
2020-02-22,Sweden,1.0,0.0,0.0
2020-02-22,Taiwan,26.0,1.0,2.0
2020-02-22,Thailand,35.0,0.0,17.0
2020-02-22,UK,9.0,0.0,8.0
2020-02-22,US,35.0,0.0,5.0
2020-02-22,United Arab Emirates,13.0,0.0,4.0
2020-02-22,Vietnam,16.0,0.0,14.0
2020-02-23,Australia,22.0,0.0,11.0
2020-02-23,Belgium,1.0,0.0,1.0
2020-02-23,Cambodia,1.0,0.0,1.0
2020-02-23,Canada,9.0,0.0,3.0
2020-02-23,Egypt,1.0,0.0,0.0
2020-02-23,Finland,1.0,0.0,1.0
2020-02-23,France,12.0,1.0,4.0
2020-02-23,Germany,16.0,0.0,14.0
2020-02-23,Hong Kong,74.0,2.0,11.0
2020-02-23,India,3.0,0.0,3.0
2020-02-23,Iran,43.0,8.0,0.0
2020-02-23,Iraq,0.0,0.0,0.0
2020-02-23,Israel,1.0,0.0,0.0
2020-02-23,Italy,155.0,3.0,2.0
2020-02-23,Japan,147.0,1.0,22.0
2020-02-23,Lebanon,1.0,0.0,0.0
2020-02-23,Macau,10.0,0.0,6.0
2020-02-23,Mainland China,76938.0,2443.0,23170.0
2020-02-23,Malaysia,22.0,0.0,15.0
2020-02-23,Nepal,1.0,0.0,1.0
2020-02-23,Others,691.0,3.0,0.0
2020-02-23,Philippines,3.0,1.0,1.0
2020-02-23,Russia,2.0,0.0,2.0
2020-02-23,Singapore,89.0,0.0,51.0
2020-02-23,South Korea,602.0,6.0,18.0
2020-02-23,Spain,2.0,0.0,2.0
2020-02-23,Sri Lanka,1.0,0.0,1.0
2020-02-23,Sweden,1.0,0.0,0.0
2020-02-23,Taiwan,28.0,1.0,2.0
2020-02-23,Thailand,35.0,0.0,21.0
2020-02-23,UK,9.0,0.0,8.0
2020-02-23,US,35.0,0.0,5.0
2020-02-23,United Arab Emirates,13.0,0.0,4.0
2020-02-23,Vietnam,16.0,0.0,14.0
2020-02-24,Afghanistan,1.0,0.0,0.0
2020-02-24,Australia,22.0,0.0,11.0
2020-02-24,Bahrain,1.0,0.0,0.0
2020-02-24,Belgium,1.0,0.0,1.0
2020-02-24,Cambodia,1.0,0.0,1.0
2020-02-24,Canada,10.0,0.0,3.0
2020-02-24,Egypt,1.0,0.0,0.0
2020-02-24,Finland,1.0,0.0,1.0
2020-02-24,France,12.0,1.0,4.0
2020-02-24,Germany,16.0,0.0,14.0
2020-02-24,Hong Kong,79.0,2.0,19.0
2020-02-24,India,3.0,0.0,3.0
2020-02-24,Iran,61.0,12.0,0.0
2020-02-24,Iraq,1.0,0.0,0.0
2020-02-24,Israel,1.0,0.0,0.0
2020-02-24,Italy,229.0,7.0,1.0
2020-02-24,Japan,159.0,1.0,22.0
2020-02-24,Kuwait,1.0,0.0,0.0
2020-02-24,Lebanon,1.0,0.0,0.0
2020-02-24,Macau,10.0,0.0,6.0
2020-02-24,Mainland China,77152.0,2593.0,24990.0
2020-02-24,Malaysia,22.0,0.0,18.0
2020-02-24,Nepal,1.0,0.0,1.0
2020-02-24,Oman,2.0,0.0,0.0
2020-02-24,Others,691.0,3.0,0.0
2020-02-24,Philippines,3.0,1.0,1.0
2020-02-24,Russia,2.0,0.0,2.0
2020-02-24,Singapore,89.0,0.0,51.0
2020-02-24,South Korea,833.0,8.0,18.0
2020-02-24,Spain,2.0,0.0,2.0
2020-02-24,Sri Lanka,1.0,0.0,1.0
2020-02-24,Sweden,1.0,0.0,0.0
2020-02-24,Taiwan,30.0,1.0,5.0
2020-02-24,Thailand,35.0,0.0,21.0
2020-02-24,UK,13.0,0.0,8.0
2020-02-24,US,53.0,0.0,5.0
2020-02-24,United Arab Emirates,13.0,0.0,4.0
2020-02-24,Vietnam,16.0,0.0,14.0
2020-02-25,Afghanistan,1.0,0.0,0.0
2020-02-25,Algeria,1.0,0.0,0.0
2020-02-25,Australia,22.0,0.0,11.0
2020-02-25,Austria,2.0,0.0,0.0
2020-02-25,Bahrain,23.0,0.0,0.0
2020-02-25,Belgium,1.0,0.0,1.0
2020-02-25,Cambodia,1.0,0.0,1.0
2020-02-25,Canada,11.0,0.0,3.0
2020-02-25,Croatia,1.0,0.0,0.0
2020-02-25,Egypt,1.0,0.0,0.0
2020-02-25,Finland,1.0,0.0,1.0
2020-02-25,France,14.0,1.0,11.0
2020-02-25,Germany,17.0,0.0,14.0
2020-02-25,Hong Kong,84.0,2.0,19.0
2020-02-25,India,3.0,0.0,3.0
2020-02-25,Iran,95.0,16.0,0.0
2020-02-25,Iraq,1.0,0.0,0.0
2020-02-25,Israel,1.0,0.0,0.0
2020-02-25,Italy,322.0,10.0,1.0
2020-02-25,Japan,170.0,1.0,22.0
2020-02-25,Kuwait,11.0,0.0,0.0
2020-02-25,Lebanon,1.0,0.0,0.0
2020-02-25,Macau,10.0,0.0,7.0
2020-02-25,Mainland China,77660.0,2663.0,27650.0
2020-02-25,Malaysia,22.0,0.0,18.0
2020-02-25,Nepal,1.0,0.0,1.0
2020-02-25,Oman,2.0,0.0,0.0
2020-02-25,Others,691.0,3.0,0.0
2020-02-25,Philippines,3.0,1.0,1.0
2020-02-25,Russia,2.0,0.0,2.0
2020-02-25,Singapore,91.0,0.0,53.0
2020-02-25,South Korea,977.0,10.0,22.0
2020-02-25,Spain,6.0,0.0,2.0
2020-02-25,Sri Lanka,1.0,0.0,1.0
2020-02-25,Sweden,1.0,0.0,0.0
2020-02-25,Switzerland,1.0,0.0,0.0
2020-02-25,Taiwan,31.0,1.0,5.0
2020-02-25,Thailand,37.0,0.0,22.0
2020-02-25,UK,13.0,0.0,8.0
2020-02-25,US,53.0,0.0,6.0
2020-02-25,United Arab Emirates,13.0,0.0,4.0
2020-02-25,Vietnam,16.0,0.0,16.0
2020-02-26,Afghanistan,1.0,0.0,0.0
2020-02-26,Algeria,1.0,0.0,0.0
2020-02-26,Australia,22.0,0.0,11.0
2020-02-26,Austria,2.0,0.0,0.0
2020-02-26,Bahrain,33.0,0.0,0.0
2020-02-26,Belgium,1.0,0.0,1.0
2020-02-26,Brazil,1.0,0.0,0.0
2020-02-26,Cambodia,1.0,0.0,1.0
2020-02-26,Canada,11.0,0.0,3.0
2020-02-26,Croatia,3.0,0.0,0.0
2020-02-26,Egypt,1.0,0.0,0.0
2020-02-26,Finland,2.0,0.0,1.0
2020-02-26,France,18.0,2.0,11.0
2020-02-26,Georgia,1.0,0.0,0.0
2020-02-26,Germany,27.0,0.0,15.0
2020-02-26,Greece,1.0,0.0,0.0
2020-02-26,Hong Kong,91.0,2.0,24.0
2020-02-26,India,3.0,0.0,3.0
2020-02-26,Iran,139.0,19.0,49.0
2020-02-26,Iraq,5.0,0.0,0.0
2020-02-26,Israel,2.0,0.0,0.0
2020-02-26,Italy,453.0,12.0,3.0
2020-02-26,Japan,189.0,2.0,22.0
2020-02-26,Kuwait,26.0,0.0,0.0
2020-02-26,Lebanon,2.0,0.0,0.0
2020-02-26,Macau,10.0,0.0,7.0
2020-02-26,Mainland China,78065.0,2715.0,30053.0
2020-02-26,Malaysia,22.0,0.0,18.0
2020-02-26,Nepal,1.0,0.0,1.0
2020-02-26,North Macedonia,1.0,0.0,0.0
2020-02-26,Norway,1.0,0.0,0.0
2020-02-26,Oman,4.0,0.0,0.0
2020-02-26,Others,705.0,4.0,10.0
2020-02-26,Pakistan,2.0,0.0,0.0
2020-02-26,Philippines,3.0,1.0,1.0
2020-02-26,Romania,1.0,0.0,0.0
2020-02-26,Russia,2.0,0.0,2.0
2020-02-26,Singapore,93.0,0.0,62.0
2020-02-26,South Korea,1261.0,12.0,22.0
2020-02-26,Spain,13.0,0.0,2.0
2020-02-26,Sri Lanka,1.0,0.0,1.0
2020-02-26,Sweden,2.0,0.0,0.0
2020-02-26,Switzerland,1.0,0.0,0.0
2020-02-26,Taiwan,32.0,1.0,5.0
2020-02-26,Thailand,40.0,0.0,22.0
2020-02-26,UK,13.0,0.0,8.0
2020-02-26,US,59.0,0.0,6.0
2020-02-26,United Arab Emirates,13.0,0.0,4.0
2020-02-26,Vietnam,16.0,0.0,16.0
2020-02-27,Afghanistan,1.0,0.0,0.0
2020-02-27,Algeria,1.0,0.0,0.0
2020-02-27,Australia,23.0,0.0,11.0
2020-02-27,Austria,3.0,0.0,0.0
2020-02-27,Bahrain,33.0,0.0,0.0
2020-02-27,Belgium,1.0,0.0,1.0
2020-02-27,Brazil,1.0,0.0,0.0
2020-02-27,Cambodia,1.0,0.0,1.0
2020-02-27,Canada,13.0,0.0,6.0
2020-02-27,Croatia,3.0,0.0,0.0
2020-02-27,Denmark,1.0,0.0,0.0
2020-02-27,Egypt,1.0,0.0,0.0
2020-02-27,Estonia,1.0,0.0,0.0
2020-02-27,Finland,2.0,0.0,1.0
2020-02-27,France,38.0,2.0,11.0
2020-02-27,Georgia,1.0,0.0,0.0
2020-02-27,Germany,46.0,0.0,16.0
2020-02-27,Greece,3.0,0.0,0.0
2020-02-27,Hong Kong,92.0,2.0,24.0
2020-02-27,India,3.0,0.0,3.0
2020-02-27,Iran,245.0,26.0,49.0
2020-02-27,Iraq,7.0,0.0,0.0
2020-02-27,Israel,3.0,0.0,1.0
2020-02-27,Italy,655.0,17.0,45.0
2020-02-27,Japan,214.0,4.0,22.0
2020-02-27,Kuwait,43.0,0.0,0.0
2020-02-27,Lebanon,2.0,0.0,0.0
2020-02-27,Macau,10.0,0.0,8.0
2020-02-27,Mainland China,78498.0,2744.0,32898.0
2020-02-27,Malaysia,23.0,0.0,18.0
2020-02-27,Nepal,1.0,0.0,1.0
2020-02-27,Netherlands,1.0,0.0,0.0
2020-02-27,North Macedonia,1.0,0.0,0.0
2020-02-27,Norway,1.0,0.0,0.0
2020-02-27,Oman,4.0,0.0,0.0
2020-02-27,Others,705.0,4.0,10.0
2020-02-27,Pakistan,2.0,0.0,0.0
2020-02-27,Philippines,3.0,1.0,1.0
2020-02-27,Romania,1.0,0.0,0.0
2020-02-27,Russia,2.0,0.0,2.0
2020-02-27,San Marino,1.0,0.0,0.0
2020-02-27,Singapore,93.0,0.0,62.0
2020-02-27,South Korea,1766.0,13.0,22.0
2020-02-27,Spain,15.0,0.0,2.0
2020-02-27,Sri Lanka,1.0,0.0,1.0
2020-02-27,Sweden,7.0,0.0,0.0
2020-02-27,Switzerland,8.0,0.0,0.0
2020-02-27,Taiwan,32.0,1.0,5.0
2020-02-27,Thailand,40.0,0.0,22.0
2020-02-27,UK,15.0,0.0,8.0
2020-02-27,US,60.0,0.0,6.0
2020-02-27,United Arab Emirates,13.0,0.0,4.0
2020-02-27,Vietnam,16.0,0.0,16.0
2020-02-28, Azerbaijan,1.0,0.0,0.0
2020-02-28,Afghanistan,1.0,0.0,0.0
2020-02-28,Algeria,1.0,0.0,0.0
2020-02-28,Australia,23.0,0.0,11.0
2020-02-28,Austria,3.0,0.0,0.0
2020-02-28,Bahrain,36.0,0.0,0.0
2020-02-28,Belarus,1.0,0.0,0.0
2020-02-28,Belgium,1.0,0.0,1.0
2020-02-28,Brazil,1.0,0.0,0.0
2020-02-28,Cambodia,1.0,0.0,1.0
2020-02-28,Canada,14.0,0.0,6.0
2020-02-28,Croatia,5.0,0.0,0.0
2020-02-28,Denmark,1.0,0.0,0.0
2020-02-28,Egypt,1.0,0.0,1.0
2020-02-28,Estonia,1.0,0.0,0.0
2020-02-28,Finland,2.0,0.0,1.0
2020-02-28,France,57.0,2.0,11.0
2020-02-28,Georgia,1.0,0.0,0.0
2020-02-28,Germany,48.0,0.0,16.0
2020-02-28,Greece,4.0,0.0,0.0
2020-02-28,Hong Kong,94.0,2.0,30.0
2020-02-28,Iceland,1.0,0.0,0.0
2020-02-28,India,3.0,0.0,3.0
2020-02-28,Iran,388.0,34.0,73.0
2020-02-28,Iraq,7.0,0.0,0.0
2020-02-28,Israel,4.0,0.0,1.0
2020-02-28,Italy,888.0,21.0,46.0
2020-02-28,Japan,228.0,4.0,22.0
2020-02-28,Kuwait,45.0,0.0,0.0
2020-02-28,Lebanon,2.0,0.0,0.0
2020-02-28,Lithuania,1.0,0.0,0.0
2020-02-28,Macau,10.0,0.0,8.0
2020-02-28,Mainland China,78824.0,2788.0,36291.0
2020-02-28,Malaysia,23.0,0.0,18.0
2020-02-28,Mexico,1.0,0.0,0.0
2020-02-28,Nepal,1.0,0.0,1.0
2020-02-28,Netherlands,1.0,0.0,0.0
2020-02-28,New Zealand,1.0,0.0,0.0
2020-02-28,Nigeria,1.0,0.0,0.0
2020-02-28,North Ireland,1.0,0.0,0.0
2020-02-28,North Macedonia,1.0,0.0,0.0
2020-02-28,Norway,6.0,0.0,0.0
2020-02-28,Oman,4.0,0.0,0.0
2020-02-28,Others,705.0,6.0,10.0
2020-02-28,Pakistan,2.0,0.0,0.0
2020-02-28,Philippines,3.0,1.0,1.0
2020-02-28,Romania,3.0,0.0,0.0
2020-02-28,Russia,2.0,0.0,2.0
2020-02-28,San Marino,1.0,0.0,0.0
2020-02-28,Singapore,93.0,0.0,62.0
2020-02-28,South Korea,2337.0,13.0,22.0
2020-02-28,Spain,32.0,0.0,2.0
2020-02-28,Sri Lanka,1.0,0.0,1.0
2020-02-28,Sweden,7.0,0.0,0.0
2020-02-28,Switzerland,8.0,0.0,0.0
2020-02-28,Taiwan,34.0,1.0,6.0
2020-02-28,Thailand,41.0,0.0,28.0
2020-02-28,UK,20.0,0.0,8.0
2020-02-28,US,62.0,0.0,7.0
2020-02-28,United Arab Emirates,19.0,0.0,5.0
2020-02-28,Vietnam,16.0,0.0,16.0
2020-02-29,Afghanistan,1.0,0.0,0.0
2020-02-29,Algeria,1.0,0.0,0.0
2020-02-29,Australia,25.0,0.0,11.0
2020-02-29,Austria,9.0,0.0,0.0
2020-02-29,Bahrain,41.0,0.0,0.0
2020-02-29,Belarus,1.0,0.0,0.0
2020-02-29,Belgium,1.0,0.0,1.0
2020-02-29,Brazil,2.0,0.0,0.0
2020-02-29,Cambodia,1.0,0.0,1.0
2020-02-29,Canada,20.0,0.0,6.0
2020-02-29,Croatia,6.0,0.0,0.0
2020-02-29,Denmark,3.0,0.0,0.0
2020-02-29,Egypt,1.0,0.0,1.0
2020-02-29,Estonia,1.0,0.0,0.0
2020-02-29,Finland,3.0,0.0,1.0
2020-02-29,France,100.0,2.0,12.0
2020-02-29,Georgia,1.0,0.0,0.0
2020-02-29,Germany,79.0,0.0,16.0
2020-02-29,Greece,4.0,0.0,0.0
2020-02-29,Hong Kong,95.0,2.0,33.0
2020-02-29,Iceland,1.0,0.0,0.0
2020-02-29,India,3.0,0.0,3.0
2020-02-29,Iran,593.0,43.0,123.0
2020-02-29,Iraq,13.0,0.0,0.0
2020-02-29,Ireland,1.0,0.0,0.0
2020-02-29,Israel,7.0,0.0,1.0
2020-02-29,Italy,1128.0,29.0,46.0
2020-02-29,Japan,241.0,5.0,32.0
2020-02-29,Kuwait,45.0,0.0,0.0
2020-02-29,Lebanon,4.0,0.0,0.0
2020-02-29,Lithuania,1.0,0.0,0.0
2020-02-29,Luxembourg,1.0,0.0,0.0
2020-02-29,Macau,10.0,0.0,8.0
2020-02-29,Mainland China,79251.0,2835.0,39279.0
2020-02-29,Malaysia,25.0,0.0,18.0
2020-02-29,Mexico,4.0,0.0,0.0
2020-02-29,Monaco,1.0,0.0,0.0
2020-02-29,Nepal,1.0,0.0,1.0
2020-02-29,Netherlands,6.0,0.0,0.0
2020-02-29,New Zealand,1.0,0.0,0.0
2020-02-29,Nigeria,1.0,0.0,0.0
2020-02-29,North Macedonia,1.0,0.0,0.0
2020-02-29,Norway,15.0,0.0,0.0
2020-02-29,Oman,6.0,0.0,1.0
2020-02-29,Others,705.0,6.0,10.0
2020-02-29,Pakistan,4.0,0.0,0.0
2020-02-29,Philippines,3.0,1.0,1.0
2020-02-29,Qatar,1.0,0.0,0.0
2020-02-29,Romania,3.0,0.0,0.0
2020-02-29,Russia,2.0,0.0,2.0
2020-02-29,San Marino,1.0,0.0,0.0
2020-02-29,Singapore,102.0,0.0,72.0
2020-02-29,South Korea,3150.0,16.0,27.0
2020-02-29,Spain,45.0,0.0,2.0
2020-02-29,Sri Lanka,1.0,0.0,1.0
2020-02-29,Sweden,12.0,0.0,0.0
2020-02-29,Switzerland,18.0,0.0,0.0
2020-02-29,Taiwan,39.0,1.0,9.0
2020-02-29,Thailand,42.0,0.0,28.0
2020-02-29,UK,23.0,0.0,8.0
2020-02-29,US,70.0,1.0,7.0
2020-02-29,United Arab Emirates,21.0,0.0,5.0
2020-02-29,Vietnam,16.0,0.0,16.0
2020-03-01,Afghanistan,1.0,0.0,0.0
2020-03-01,Algeria,1.0,0.0,0.0
2020-03-01,Armenia,1.0,0.0,0.0
2020-03-01,Australia,27.0,1.0,11.0
2020-03-01,Austria,14.0,0.0,0.0
2020-03-01,Azerbaijan,3.0,0.0,0.0
2020-03-01,Bahrain,47.0,0.0,0.0
2020-03-01,Belarus,1.0,0.0,0.0
2020-03-01,Belgium,2.0,0.0,1.0
2020-03-01,Brazil,2.0,0.0,0.0
2020-03-01,Cambodia,1.0,0.0,1.0
2020-03-01,Canada,24.0,0.0,6.0
2020-03-01,Croatia,7.0,0.0,0.0
2020-03-01,Czech Republic,3.0,0.0,0.0
2020-03-01,Denmark,4.0,0.0,0.0
2020-03-01,Dominican Republic,1.0,0.0,0.0
2020-03-01,Ecuador,6.0,0.0,0.0
2020-03-01,Egypt,2.0,0.0,1.0
2020-03-01,Estonia,1.0,0.0,0.0
2020-03-01,Finland,6.0,0.0,1.0
2020-03-01,France,130.0,2.0,12.0
2020-03-01,Georgia,3.0,0.0,0.0
2020-03-01,Germany,130.0,0.0,16.0
2020-03-01,Greece,7.0,0.0,0.0
2020-03-01,Hong Kong,96.0,2.0,36.0
2020-03-01,Iceland,3.0,0.0,0.0
2020-03-01,India,3.0,0.0,3.0
2020-03-01,Iran,978.0,54.0,175.0
2020-03-01,Iraq,19.0,0.0,0.0
2020-03-01,Ireland,1.0,0.0,0.0
2020-03-01,Israel,10.0,0.0,1.0
2020-03-01,Italy,1694.0,34.0,83.0
2020-03-01,Japan,256.0,6.0,32.0
2020-03-01,Kuwait,45.0,0.0,0.0
2020-03-01,Lebanon,10.0,0.0,0.0
2020-03-01,Lithuania,1.0,0.0,0.0
2020-03-01,Luxembourg,1.0,0.0,0.0
2020-03-01,Macau,10.0,0.0,8.0
2020-03-01,Mainland China,79826.0,2870.0,42118.0
2020-03-01,Malaysia,29.0,0.0,18.0
2020-03-01,Mexico,5.0,0.0,0.0
2020-03-01,Monaco,1.0,0.0,0.0
2020-03-01,Nepal,1.0,0.0,1.0
2020-03-01,Netherlands,10.0,0.0,0.0
2020-03-01,New Zealand,1.0,0.0,0.0
2020-03-01,Nigeria,1.0,0.0,0.0
2020-03-01,North Macedonia,1.0,0.0,0.0
2020-03-01,Norway,19.0,0.0,0.0
2020-03-01,Oman,6.0,0.0,1.0
2020-03-01,Others,705.0,6.0,10.0
2020-03-01,Pakistan,4.0,0.0,0.0
2020-03-01,Philippines,3.0,1.0,1.0
2020-03-01,Qatar,3.0,0.0,0.0
2020-03-01,Romania,3.0,0.0,0.0
2020-03-01,Russia,2.0,0.0,2.0
2020-03-01,San Marino,1.0,0.0,0.0
2020-03-01,Singapore,106.0,0.0,72.0
2020-03-01,South Korea,3736.0,17.0,30.0
2020-03-01,Spain,84.0,0.0,2.0
2020-03-01,Sri Lanka,1.0,0.0,1.0
2020-03-01,Sweden,14.0,0.0,0.0
2020-03-01,Switzerland,27.0,0.0,0.0
2020-03-01,Taiwan,40.0,1.0,9.0
2020-03-01,Thailand,42.0,1.0,28.0
2020-03-01,UK,36.0,0.0,8.0
2020-03-01,US,76.0,1.0,7.0
2020-03-01,United Arab Emirates,21.0,0.0,5.0
2020-03-01,Vietnam,16.0,0.0,16.0
2020-03-02,Afghanistan,1.0,0.0,0.0
2020-03-02,Algeria,3.0,0.0,0.0
2020-03-02,Andorra,1.0,0.0,0.0
2020-03-02,Armenia,1.0,0.0,0.0
2020-03-02,Australia,30.0,1.0,11.0
2020-03-02,Austria,18.0,0.0,0.0
2020-03-02,Azerbaijan,3.0,0.0,0.0
2020-03-02,Bahrain,49.0,0.0,0.0
2020-03-02,Belarus,1.0,0.0,0.0
2020-03-02,Belgium,8.0,0.0,1.0
2020-03-02,Brazil,2.0,0.0,0.0
2020-03-02,Cambodia,1.0,0.0,1.0
2020-03-02,Canada,27.0,0.0,6.0
2020-03-02,Croatia,7.0,0.0,0.0
2020-03-02,Czech Republic,3.0,0.0,0.0
2020-03-02,Denmark,4.0,0.0,0.0
2020-03-02,Dominican Republic,1.0,0.0,0.0
2020-03-02,Ecuador,6.0,0.0,0.0
2020-03-02,Egypt,2.0,0.0,1.0
2020-03-02,Estonia,1.0,0.0,0.0
2020-03-02,Finland,6.0,0.0,1.0
2020-03-02,France,191.0,3.0,12.0
2020-03-02,Georgia,3.0,0.0,0.0
2020-03-02,Germany,159.0,0.0,16.0
2020-03-02,Greece,7.0,0.0,0.0
2020-03-02,Hong Kong,100.0,2.0,36.0
2020-03-02,Iceland,6.0,0.0,0.0
2020-03-02,India,5.0,0.0,3.0
2020-03-02,Indonesia,2.0,0.0,0.0
2020-03-02,Iran,1501.0,66.0,291.0
2020-03-02,Iraq,26.0,0.0,0.0
2020-03-02,Ireland,1.0,0.0,0.0
2020-03-02,Israel,10.0,0.0,1.0
2020-03-02,Italy,2036.0,52.0,149.0
2020-03-02,Japan,274.0,6.0,32.0
2020-03-02,Kuwait,56.0,0.0,0.0
2020-03-02,Latvia,1.0,0.0,0.0
2020-03-02,Lebanon,13.0,0.0,0.0
2020-03-02,Lithuania,1.0,0.0,0.0
2020-03-02,Luxembourg,1.0,0.0,0.0
2020-03-02,Macau,10.0,0.0,8.0
2020-03-02,Mainland China,80026.0,2912.0,44810.0
2020-03-02,Malaysia,29.0,0.0,18.0
2020-03-02,Mexico,5.0,0.0,0.0
2020-03-02,Monaco,1.0,0.0,0.0
2020-03-02,Morocco,1.0,0.0,0.0
2020-03-02,Nepal,1.0,0.0,1.0
2020-03-02,Netherlands,18.0,0.0,0.0
2020-03-02,New Zealand,1.0,0.0,0.0
2020-03-02,Nigeria,1.0,0.0,0.0
2020-03-02,North Macedonia,1.0,0.0,0.0
2020-03-02,Norway,25.0,0.0,0.0
2020-03-02,Oman,6.0,0.0,1.0
2020-03-02,Others,705.0,6.0,10.0
2020-03-02,Pakistan,4.0,0.0,0.0
2020-03-02,Philippines,3.0,1.0,1.0
2020-03-02,Portugal,2.0,0.0,0.0
2020-03-02,Qatar,3.0,0.0,0.0
2020-03-02,Romania,3.0,0.0,0.0
2020-03-02,Russia,3.0,0.0,2.0
2020-03-02,San Marino,8.0,0.0,0.0
2020-03-02,Saudi Arabia,1.0,0.0,0.0
2020-03-02,Senegal,1.0,0.0,0.0
2020-03-02,Singapore,108.0,0.0,78.0
2020-03-02,South Korea,4335.0,28.0,30.0
2020-03-02,Spain,120.0,0.0,2.0
2020-03-02,Sri Lanka,1.0,0.0,1.0
2020-03-02,Sweden,15.0,0.0,0.0
2020-03-02,Switzerland,42.0,0.0,0.0
2020-03-02,Taiwan,41.0,1.0,12.0
2020-03-02,Thailand,43.0,1.0,31.0
2020-03-02,UK,40.0,0.0,8.0
2020-03-02,US,101.0,6.0,7.0
2020-03-02,United Arab Emirates,21.0,0.0,5.0
2020-03-02,Vietnam,16.0,0.0,16.0
2020-03-03,Afghanistan,1.0,0.0,0.0
2020-03-03,Algeria,5.0,0.0,0.0
2020-03-03,Andorra,1.0,0.0,0.0
2020-03-03,Argentina,1.0,0.0,0.0
2020-03-03,Armenia,1.0,0.0,0.0
2020-03-03,Australia,39.0,1.0,11.0
2020-03-03,Austria,21.0,0.0,0.0
2020-03-03,Azerbaijan,3.0,0.0,0.0
2020-03-03,Bahrain,49.0,0.0,0.0
2020-03-03,Belarus,1.0,0.0,0.0
2020-03-03,Belgium,13.0,0.0,1.0
2020-03-03,Brazil,2.0,0.0,0.0
2020-03-03,Cambodia,1.0,0.0,1.0
2020-03-03,Canada,30.0,0.0,6.0
2020-03-03,Chile,1.0,0.0,0.0
2020-03-03,Croatia,9.0,0.0,0.0
2020-03-03,Czech Republic,5.0,0.0,0.0
2020-03-03,Denmark,6.0,0.0,0.0
2020-03-03,Dominican Republic,1.0,0.0,0.0
2020-03-03,Ecuador,7.0,0.0,0.0
2020-03-03,Egypt,2.0,0.0,1.0
2020-03-03,Estonia,2.0,0.0,0.0
2020-03-03,Finland,6.0,0.0,1.0
2020-03-03,France,204.0,4.0,12.0
2020-03-03,Georgia,3.0,0.0,0.0
2020-03-03,Germany,196.0,0.0,16.0
2020-03-03,Greece,7.0,0.0,0.0
2020-03-03,Hong Kong,100.0,2.0,37.0
2020-03-03,Iceland,11.0,0.0,0.0
2020-03-03,India,5.0,0.0,3.0
2020-03-03,Indonesia,2.0,0.0,0.0
2020-03-03,Iran,2336.0,77.0,291.0
2020-03-03,Iraq,32.0,0.0,0.0
2020-03-03,Ireland,2.0,0.0,0.0
2020-03-03,Israel,12.0,0.0,1.0
2020-03-03,Italy,2502.0,79.0,160.0
2020-03-03,Japan,293.0,6.0,43.0
2020-03-03,Jordan,1.0,0.0,0.0
2020-03-03,Kuwait,56.0,0.0,0.0
2020-03-03,Latvia,1.0,0.0,0.0
2020-03-03,Lebanon,13.0,0.0,0.0
2020-03-03,Lithuania,1.0,0.0,0.0
2020-03-03,Luxembourg,1.0,0.0,0.0
2020-03-03,Macau,10.0,0.0,9.0
2020-03-03,Mainland China,80151.0,2945.0,47404.0
2020-03-03,Malaysia,36.0,0.0,22.0
2020-03-03,Mexico,5.0,0.0,1.0
2020-03-03,Monaco,1.0,0.0,0.0
2020-03-03,Morocco,1.0,0.0,0.0
2020-03-03,Nepal,1.0,0.0,1.0
2020-03-03,Netherlands,24.0,0.0,0.0
2020-03-03,New Zealand,1.0,0.0,0.0
2020-03-03,Nigeria,1.0,0.0,0.0
2020-03-03,North Macedonia,1.0,0.0,0.0
2020-03-03,Norway,32.0,0.0,0.0
2020-03-03,Oman,12.0,0.0,2.0
2020-03-03,Others,706.0,6.0,10.0
2020-03-03,Pakistan,5.0,0.0,0.0
2020-03-03,Philippines,3.0,1.0,1.0
2020-03-03,Portugal,2.0,0.0,0.0
2020-03-03,Qatar,7.0,0.0,0.0
2020-03-03,Romania,3.0,0.0,0.0
2020-03-03,Russia,3.0,0.0,2.0
2020-03-03,San Marino,10.0,1.0,0.0
2020-03-03,Saudi Arabia,1.0,0.0,0.0
2020-03-03,Senegal,2.0,0.0,0.0
2020-03-03,Singapore,110.0,0.0,78.0
2020-03-03,South Korea,5186.0,28.0,30.0
2020-03-03,Spain,165.0,1.0,2.0
2020-03-03,Sri Lanka,1.0,0.0,1.0
2020-03-03,Sweden,21.0,0.0,0.0
2020-03-03,Switzerland,56.0,0.0,2.0
2020-03-03,Taiwan,42.0,1.0,12.0
2020-03-03,Thailand,43.0,1.0,31.0
2020-03-03,UK,51.0,0.0,8.0
2020-03-03,US,122.0,7.0,8.0
2020-03-03,Ukraine,1.0,0.0,0.0
2020-03-03,United Arab Emirates,27.0,0.0,5.0
2020-03-03,Vietnam,16.0,0.0,16.0
2020-03-04,Afghanistan,1.0,0.0,0.0
2020-03-04,Algeria,12.0,0.0,0.0
2020-03-04,Andorra,1.0,0.0,0.0
2020-03-04,Argentina,1.0,0.0,0.0
2020-03-04,Armenia,1.0,0.0,0.0
2020-03-04,Australia,52.0,2.0,11.0
2020-03-04,Austria,29.0,0.0,0.0
2020-03-04,Azerbaijan,3.0,0.0,0.0
2020-03-04,Bahrain,52.0,0.0,0.0
2020-03-04,Belarus,6.0,0.0,0.0
2020-03-04,Belgium,23.0,0.0,1.0
2020-03-04,Brazil,4.0,0.0,0.0
2020-03-04,Cambodia,1.0,0.0,1.0
2020-03-04,Canada,33.0,0.0,6.0
2020-03-04,Chile,1.0,0.0,0.0
2020-03-04,Croatia,10.0,0.0,0.0
2020-03-04,Czech Republic,8.0,0.0,0.0
2020-03-04,Denmark,10.0,0.0,0.0
2020-03-04,Dominican Republic,1.0,0.0,0.0
2020-03-04,Ecuador,10.0,0.0,0.0
2020-03-04,Egypt,2.0,0.0,1.0
2020-03-04,Estonia,2.0,0.0,0.0
2020-03-04,Faroe Islands,1.0,0.0,0.0
2020-03-04,Finland,6.0,0.0,1.0
2020-03-04,France,285.0,4.0,12.0
2020-03-04,Georgia,3.0,0.0,0.0
2020-03-04,Germany,262.0,0.0,16.0
2020-03-04,Gibraltar,1.0,0.0,0.0
2020-03-04,Greece,9.0,0.0,0.0
2020-03-04,Hong Kong,105.0,2.0,37.0
2020-03-04,Hungary,2.0,0.0,0.0
2020-03-04,Iceland,26.0,0.0,0.0
2020-03-04,India,28.0,0.0,3.0
2020-03-04,Indonesia,2.0,0.0,0.0
2020-03-04,Iran,2922.0,92.0,552.0
2020-03-04,Iraq,35.0,2.0,0.0
2020-03-04,Ireland,6.0,0.0,0.0
2020-03-04,Israel,15.0,0.0,1.0
2020-03-04,Italy,3089.0,107.0,276.0
2020-03-04,Japan,331.0,6.0,43.0
2020-03-04,Jordan,1.0,0.0,0.0
2020-03-04,Kuwait,56.0,0.0,0.0
2020-03-04,Latvia,1.0,0.0,0.0
2020-03-04,Lebanon,13.0,0.0,1.0
2020-03-04,Liechtenstein,1.0,0.0,0.0
2020-03-04,Lithuania,1.0,0.0,0.0
2020-03-04,Luxembourg,1.0,0.0,0.0
2020-03-04,Macau,10.0,0.0,9.0
2020-03-04,Mainland China,80271.0,2981.0,49955.0
2020-03-04,Malaysia,50.0,0.0,22.0
2020-03-04,Mexico,5.0,0.0,1.0
2020-03-04,Monaco,1.0,0.0,0.0
2020-03-04,Morocco,1.0,0.0,0.0
2020-03-04,Nepal,1.0,0.0,1.0
2020-03-04,Netherlands,38.0,0.0,0.0
2020-03-04,New Zealand,3.0,0.0,0.0
2020-03-04,Nigeria,1.0,0.0,0.0
2020-03-04,North Macedonia,1.0,0.0,0.0
2020-03-04,Norway,56.0,0.0,0.0
2020-03-04,Oman,15.0,0.0,2.0
2020-03-04,Others,706.0,6.0,10.0
2020-03-04,Pakistan,5.0,0.0,0.0
2020-03-04,Philippines,3.0,1.0,1.0
2020-03-04,Poland,1.0,0.0,0.0
2020-03-04,Portugal,5.0,0.0,0.0
2020-03-04,Qatar,8.0,0.0,0.0
2020-03-04,Romania,4.0,0.0,1.0
2020-03-04,Russia,3.0,0.0,2.0
2020-03-04,Saint Barthelemy,3.0,0.0,0.0
2020-03-04,San Marino,16.0,1.0,0.0
2020-03-04,Saudi Arabia,1.0,0.0,0.0
2020-03-04,Senegal,4.0,0.0,0.0
2020-03-04,Singapore,110.0,0.0,78.0
2020-03-04,South Korea,5621.0,35.0,41.0
2020-03-04,Spain,222.0,2.0,2.0
2020-03-04,Sri Lanka,1.0,0.0,1.0
2020-03-04,Sweden,35.0,0.0,0.0
2020-03-04,Switzerland,90.0,0.0,3.0
2020-03-04,Taiwan,42.0,1.0,12.0
2020-03-04,Thailand,43.0,1.0,31.0
2020-03-04,Tunisia,1.0,0.0,0.0
2020-03-04,UK,85.0,0.0,8.0
2020-03-04,US,153.0,11.0,8.0
2020-03-04,Ukraine,1.0,0.0,0.0
2020-03-04,United Arab Emirates,27.0,0.0,5.0
2020-03-04,Vietnam,16.0,0.0,16.0
2020-03-05,Afghanistan,1.0,0.0,0.0
2020-03-05,Algeria,12.0,0.0,0.0
2020-03-05,Andorra,1.0,0.0,0.0
2020-03-05,Argentina,1.0,0.0,0.0
2020-03-05,Armenia,1.0,0.0,0.0
2020-03-05,Australia,55.0,2.0,21.0
2020-03-05,Austria,41.0,0.0,0.0
2020-03-05,Azerbaijan,6.0,0.0,0.0
2020-03-05,Bahrain,55.0,0.0,0.0
2020-03-05,Belarus,6.0,0.0,0.0
2020-03-05,Belgium,50.0,0.0,1.0
2020-03-05,Bosnia and Herzegovina,2.0,0.0,0.0
2020-03-05,Brazil,4.0,0.0,0.0
2020-03-05,Cambodia,1.0,0.0,1.0
2020-03-05,Canada,37.0,0.0,6.0
2020-03-05,Chile,4.0,0.0,0.0
2020-03-05,Croatia,10.0,0.0,0.0
2020-03-05,Czech Republic,12.0,0.0,0.0
2020-03-05,Denmark,10.0,0.0,0.0
2020-03-05,Dominican Republic,1.0,0.0,0.0
2020-03-05,Ecuador,13.0,0.0,0.0
2020-03-05,Egypt,3.0,0.0,1.0
2020-03-05,Estonia,3.0,0.0,0.0
2020-03-05,Faroe Islands,1.0,0.0,0.0
2020-03-05,Finland,12.0,0.0,1.0
2020-03-05,France,377.0,6.0,12.0
2020-03-05,Georgia,4.0,0.0,0.0
2020-03-05,Germany,482.0,0.0,16.0
2020-03-05,Gibraltar,1.0,0.0,0.0
2020-03-05,Greece,31.0,0.0,0.0
2020-03-05,Hong Kong,105.0,2.0,43.0
2020-03-05,Hungary,2.0,0.0,0.0
2020-03-05,Iceland,34.0,0.0,0.0
2020-03-05,India,30.0,0.0,3.0
2020-03-05,Indonesia,2.0,0.0,0.0
2020-03-05,Iran,3513.0,107.0,739.0
2020-03-05,Iraq,35.0,2.0,0.0
2020-03-05,Ireland,6.0,0.0,0.0
2020-03-05,Israel,16.0,0.0,1.0
2020-03-05,Italy,3858.0,148.0,414.0
2020-03-05,Japan,360.0,6.0,43.0
2020-03-05,Jordan,1.0,0.0,0.0
2020-03-05,Kuwait,58.0,0.0,0.0
2020-03-05,Latvia,1.0,0.0,0.0
2020-03-05,Lebanon,16.0,0.0,1.0
2020-03-05,Liechtenstein,1.0,0.0,0.0
2020-03-05,Lithuania,1.0,0.0,0.0
2020-03-05,Luxembourg,1.0,0.0,0.0
2020-03-05,Macau,10.0,0.0,9.0
2020-03-05,Mainland China,80422.0,3013.0,52240.0
2020-03-05,Malaysia,50.0,0.0,22.0
2020-03-05,Mexico,5.0,0.0,1.0
2020-03-05,Monaco,1.0,0.0,0.0
2020-03-05,Morocco,2.0,0.0,0.0
2020-03-05,Nepal,1.0,0.0,1.0
2020-03-05,Netherlands,82.0,0.0,0.0
2020-03-05,New Zealand,3.0,0.0,0.0
2020-03-05,Nigeria,1.0,0.0,0.0
2020-03-05,North Macedonia,1.0,0.0,0.0
2020-03-05,Norway,87.0,0.0,0.0
2020-03-05,Oman,16.0,0.0,2.0
2020-03-05,Others,706.0,6.0,10.0
2020-03-05,Pakistan,5.0,0.0,0.0
2020-03-05,Palestine,4.0,0.0,0.0
2020-03-05,Philippines,3.0,1.0,1.0
2020-03-05,Poland,1.0,0.0,0.0
2020-03-05,Portugal,8.0,0.0,0.0
2020-03-05,Qatar,8.0,0.0,0.0
2020-03-05,Romania,6.0,0.0,1.0
2020-03-05,Russia,4.0,0.0,2.0
2020-03-05,Saint Barthelemy,3.0,0.0,0.0
2020-03-05,San Marino,21.0,1.0,0.0
2020-03-05,Saudi Arabia,5.0,0.0,0.0
2020-03-05,Senegal,4.0,0.0,0.0
2020-03-05,Singapore,117.0,0.0,78.0
2020-03-05,Slovenia,2.0,0.0,0.0
2020-03-05,South Africa,1.0,0.0,0.0
2020-03-05,South Korea,6088.0,35.0,41.0
2020-03-05,Spain,259.0,3.0,2.0
2020-03-05,Sri Lanka,1.0,0.0,1.0
2020-03-05,Sweden,94.0,0.0,0.0
2020-03-05,Switzerland,114.0,1.0,3.0
2020-03-05,Taiwan,44.0,1.0,12.0
2020-03-05,Thailand,47.0,1.0,31.0
2020-03-05,Tunisia,1.0,0.0,0.0
2020-03-05,UK,115.0,1.0,8.0
2020-03-05,US,221.0,12.0,8.0
2020-03-05,Ukraine,1.0,0.0,0.0
2020-03-05,United Arab Emirates,29.0,0.0,5.0
2020-03-05,Vietnam,16.0,0.0,16.0
2020-03-06,Afghanistan,1.0,0.0,0.0
2020-03-06,Algeria,17.0,0.0,0.0
2020-03-06,Andorra,1.0,0.0,0.0
2020-03-06,Argentina,2.0,0.0,0.0
2020-03-06,Armenia,1.0,0.0,0.0
2020-03-06,Australia,60.0,2.0,21.0
2020-03-06,Austria,55.0,0.0,0.0
2020-03-06,Azerbaijan,6.0,0.0,0.0
2020-03-06,Bahrain,60.0,0.0,4.0
2020-03-06,Belarus,6.0,0.0,0.0
2020-03-06,Belgium,109.0,0.0,1.0
2020-03-06,Bhutan,1.0,0.0,0.0
2020-03-06,Bosnia and Herzegovina,2.0,0.0,0.0
2020-03-06,Brazil,13.0,0.0,0.0
2020-03-06,Cambodia,1.0,0.0,1.0
2020-03-06,Cameroon,1.0,0.0,0.0
2020-03-06,Canada,49.0,0.0,6.0
2020-03-06,Chile,4.0,0.0,0.0
2020-03-06,Colombia,1.0,0.0,0.0
2020-03-06,Costa Rica,1.0,0.0,0.0
2020-03-06,Croatia,11.0,0.0,0.0
2020-03-06,Czech Republic,18.0,0.0,0.0
2020-03-06,Denmark,23.0,0.0,1.0
2020-03-06,Dominican Republic,2.0,0.0,0.0
2020-03-06,Ecuador,13.0,0.0,0.0
2020-03-06,Egypt,15.0,0.0,1.0
2020-03-06,Estonia,10.0,0.0,0.0
2020-03-06,Faroe Islands,1.0,0.0,0.0
2020-03-06,Finland,15.0,0.0,1.0
2020-03-06,France,653.0,9.0,12.0
2020-03-06,Georgia,4.0,0.0,0.0
2020-03-06,Germany,670.0,0.0,17.0
2020-03-06,Gibraltar,1.0,0.0,0.0
2020-03-06,Greece,45.0,0.0,0.0
2020-03-06,Hong Kong,107.0,2.0,46.0
2020-03-06,Hungary,2.0,0.0,0.0
2020-03-06,Iceland,43.0,0.0,0.0
2020-03-06,India,31.0,0.0,3.0
2020-03-06,Indonesia,4.0,0.0,0.0
2020-03-06,Iran,4747.0,124.0,913.0
2020-03-06,Iraq,40.0,3.0,0.0
2020-03-06,Ireland,18.0,0.0,0.0
2020-03-06,Israel,21.0,0.0,2.0
2020-03-06,Italy,4636.0,197.0,523.0
2020-03-06,Japan,420.0,6.0,46.0
2020-03-06,Jordan,1.0,0.0,0.0
2020-03-06,Kuwait,58.0,0.0,0.0
2020-03-06,Latvia,1.0,0.0,0.0
2020-03-06,Lebanon,22.0,0.0,1.0
2020-03-06,Liechtenstein,1.0,0.0,0.0
2020-03-06,Lithuania,1.0,0.0,0.0
2020-03-06,Luxembourg,2.0,0.0,0.0
2020-03-06,Macau,10.0,0.0,10.0
2020-03-06,Mainland China,80573.0,3042.0,53888.0
2020-03-06,Malaysia,83.0,0.0,22.0
2020-03-06,Mexico,6.0,0.0,1.0
2020-03-06,Monaco,1.0,0.0,0.0
2020-03-06,Morocco,2.0,0.0,0.0
2020-03-06,Nepal,1.0,0.0,1.0
2020-03-06,Netherlands,128.0,1.0,0.0
2020-03-06,New Zealand,4.0,0.0,0.0
2020-03-06,Nigeria,1.0,0.0,0.0
2020-03-06,North Macedonia,3.0,0.0,0.0
2020-03-06,Norway,108.0,0.0,0.0
2020-03-06,Oman,16.0,0.0,2.0
2020-03-06,Others,696.0,6.0,40.0
2020-03-06,Pakistan,6.0,0.0,0.0
2020-03-06,Palestine,16.0,0.0,0.0
2020-03-06,Peru,1.0,0.0,0.0
2020-03-06,Philippines,5.0,1.0,1.0
2020-03-06,Poland,5.0,0.0,0.0
2020-03-06,Portugal,13.0,0.0,0.0
2020-03-06,Qatar,8.0,0.0,0.0
2020-03-06,Romania,9.0,0.0,1.0
2020-03-06,Russia,13.0,0.0,2.0
2020-03-06,Saint Barthelemy,3.0,0.0,0.0
2020-03-06,San Marino,21.0,1.0,0.0
2020-03-06,Saudi Arabia,5.0,0.0,0.0
2020-03-06,Senegal,4.0,0.0,0.0
2020-03-06,Serbia,1.0,0.0,0.0
2020-03-06,Singapore,130.0,0.0,78.0
2020-03-06,Slovakia,1.0,0.0,0.0
2020-03-06,Slovenia,7.0,0.0,0.0
2020-03-06,South Africa,1.0,0.0,0.0
2020-03-06,South Korea,6593.0,42.0,135.0
2020-03-06,Spain,400.0,5.0,2.0
2020-03-06,Sri Lanka,1.0,0.0,1.0
2020-03-06,Sweden,101.0,0.0,0.0
2020-03-06,Switzerland,214.0,1.0,3.0
2020-03-06,Taiwan,45.0,1.0,12.0
2020-03-06,Thailand,48.0,1.0,31.0
2020-03-06,Togo,1.0,0.0,0.0
2020-03-06,Tunisia,1.0,0.0,0.0
2020-03-06,UK,163.0,2.0,8.0
2020-03-06,US,278.0,14.0,8.0
2020-03-06,Ukraine,1.0,0.0,0.0
2020-03-06,United Arab Emirates,29.0,0.0,5.0
2020-03-06,Vatican City,1.0,0.0,0.0
2020-03-06,Vietnam,16.0,0.0,16.0
2020-03-07,Afghanistan,1.0,0.0,0.0
2020-03-07,Algeria,17.0,0.0,0.0
2020-03-07,Andorra,1.0,0.0,0.0
2020-03-07,Argentina,8.0,0.0,0.0
2020-03-07,Armenia,1.0,0.0,0.0
2020-03-07,Australia,63.0,2.0,21.0
2020-03-07,Austria,79.0,0.0,0.0
2020-03-07,Azerbaijan,9.0,0.0,0.0
2020-03-07,Bahrain,85.0,0.0,4.0
2020-03-07,Belarus,6.0,0.0,0.0
2020-03-07,Belgium,169.0,0.0,1.0
2020-03-07,Bhutan,1.0,0.0,0.0
2020-03-07,Bosnia and Herzegovina,3.0,0.0,0.0
2020-03-07,Brazil,13.0,0.0,0.0
2020-03-07,Cambodia,1.0,0.0,1.0
2020-03-07,Cameroon,1.0,0.0,0.0
2020-03-07,Canada,54.0,0.0,8.0
2020-03-07,Chile,4.0,0.0,0.0
2020-03-07,Colombia,1.0,0.0,0.0
2020-03-07,Costa Rica,1.0,0.0,0.0
2020-03-07,Croatia,12.0,0.0,0.0
2020-03-07,Czech Republic,19.0,0.0,0.0
2020-03-07,Denmark,23.0,0.0,1.0
2020-03-07,Dominican Republic,2.0,0.0,0.0
2020-03-07,Ecuador,13.0,0.0,0.0
2020-03-07,Egypt,15.0,0.0,1.0
2020-03-07,Estonia,10.0,0.0,0.0
2020-03-07,Faroe Islands,1.0,0.0,0.0
2020-03-07,Finland,15.0,0.0,1.0
2020-03-07,France,949.0,11.0,12.0
2020-03-07,French Guiana,5.0,0.0,0.0
2020-03-07,Georgia,4.0,0.0,0.0
2020-03-07,Germany,799.0,0.0,18.0
2020-03-07,Gibraltar,1.0,0.0,0.0
2020-03-07,Greece,46.0,0.0,0.0
2020-03-07,Hong Kong,108.0,2.0,51.0
2020-03-07,Hungary,4.0,0.0,0.0
2020-03-07,Iceland,50.0,0.0,0.0
2020-03-07,India,34.0,0.0,3.0
2020-03-07,Indonesia,4.0,0.0,0.0
2020-03-07,Iran,5823.0,145.0,1669.0
2020-03-07,Iraq,54.0,4.0,0.0
2020-03-07,Ireland,18.0,0.0,0.0
2020-03-07,Israel,21.0,0.0,2.0
2020-03-07,Italy,5883.0,233.0,589.0
2020-03-07,Japan,461.0,6.0,76.0
2020-03-07,Jordan,1.0,0.0,0.0
2020-03-07,Kuwait,61.0,0.0,0.0
2020-03-07,Latvia,1.0,0.0,0.0
2020-03-07,Lebanon,22.0,0.0,1.0
2020-03-07,Liechtenstein,1.0,0.0,0.0
2020-03-07,Lithuania,1.0,0.0,0.0
2020-03-07,Luxembourg,2.0,0.0,0.0
2020-03-07,Macau,10.0,0.0,10.0
2020-03-07,Mainland China,80652.0,3070.0,55478.0
2020-03-07,Malaysia,93.0,0.0,23.0
2020-03-07,Malta,3.0,0.0,0.0
2020-03-07,Martinique,2.0,0.0,0.0
2020-03-07,Mexico,6.0,0.0,1.0
2020-03-07,Monaco,1.0,0.0,0.0
2020-03-07,Morocco,2.0,0.0,0.0
2020-03-07,Nepal,1.0,0.0,1.0
2020-03-07,Netherlands,188.0,1.0,0.0
2020-03-07,New Zealand,5.0,0.0,0.0
2020-03-07,Nigeria,1.0,0.0,0.0
2020-03-07,North Macedonia,3.0,0.0,0.0
2020-03-07,Norway,147.0,0.0,0.0
2020-03-07,Oman,16.0,0.0,2.0
2020-03-07,Others,696.0,6.0,40.0
2020-03-07,Pakistan,6.0,0.0,0.0
2020-03-07,Palestine,22.0,0.0,0.0
2020-03-07,Peru,1.0,0.0,0.0
2020-03-07,Philippines,6.0,1.0,1.0
2020-03-07,Poland,5.0,0.0,0.0
2020-03-07,Portugal,20.0,0.0,0.0
2020-03-07,Qatar,8.0,0.0,0.0
2020-03-07,Romania,9.0,0.0,3.0
2020-03-07,Russia,13.0,0.0,2.0
2020-03-07,Saint Barthelemy,3.0,0.0,0.0
2020-03-07,San Marino,23.0,1.0,0.0
2020-03-07,Saudi Arabia,5.0,0.0,0.0
2020-03-07,Senegal,4.0,0.0,0.0
2020-03-07,Serbia,1.0,0.0,0.0
2020-03-07,Singapore,138.0,0.0,78.0
2020-03-07,Slovakia,1.0,0.0,0.0
2020-03-07,Slovenia,7.0,0.0,0.0
2020-03-07,South Africa,1.0,0.0,0.0
2020-03-07,South Korea,7041.0,44.0,135.0
2020-03-07,Spain,500.0,10.0,30.0
2020-03-07,Sri Lanka,1.0,0.0,1.0
2020-03-07,Sweden,161.0,0.0,0.0
2020-03-07,Switzerland,268.0,1.0,3.0
2020-03-07,Taiwan,45.0,1.0,12.0
2020-03-07,Thailand,50.0,1.0,31.0
2020-03-07,Togo,1.0,0.0,0.0
2020-03-07,Tunisia,1.0,0.0,0.0
2020-03-07,UK,206.0,2.0,18.0
2020-03-07,US,417.0,17.0,8.0
2020-03-07,Ukraine,1.0,0.0,0.0
2020-03-07,United Arab Emirates,45.0,0.0,7.0
2020-03-07,Vatican City,1.0,0.0,0.0
2020-03-07,Vietnam,18.0,0.0,16.0
2020-03-08,Afghanistan,4.0,0.0,0.0
2020-03-08,Algeria,19.0,0.0,0.0
2020-03-08,Andorra,1.0,0.0,0.0
2020-03-08,Argentina,12.0,1.0,0.0
2020-03-08,Armenia,1.0,0.0,0.0
2020-03-08,Australia,76.0,4.0,21.0
2020-03-08,Austria,104.0,0.0,0.0
2020-03-08,Azerbaijan,9.0,0.0,0.0
2020-03-08,Bahrain,85.0,0.0,4.0
2020-03-08,Bangladesh,3.0,0.0,0.0
2020-03-08,Belarus,6.0,0.0,0.0
2020-03-08,Belgium,200.0,0.0,1.0
2020-03-08,Bhutan,1.0,0.0,0.0
2020-03-08,Bosnia and Herzegovina,3.0,0.0,0.0
2020-03-08,Brazil,20.0,0.0,0.0
2020-03-08,Bulgaria,4.0,0.0,0.0
2020-03-08,Cambodia,2.0,0.0,1.0
2020-03-08,Cameroon,2.0,0.0,0.0
2020-03-08,Canada,64.0,0.0,8.0
2020-03-08,Chile,8.0,0.0,0.0
2020-03-08,Colombia,1.0,0.0,0.0
2020-03-08,Costa Rica,5.0,0.0,0.0
2020-03-08,Croatia,12.0,0.0,0.0
2020-03-08,Czech Republic,31.0,0.0,0.0
2020-03-08,Denmark,35.0,0.0,1.0
2020-03-08,Dominican Republic,5.0,0.0,0.0
2020-03-08,Ecuador,14.0,0.0,0.0
2020-03-08,Egypt,49.0,1.0,1.0
2020-03-08,Estonia,10.0,0.0,0.0
2020-03-08,Faroe Islands,2.0,0.0,0.0
2020-03-08,Finland,23.0,0.0,1.0
2020-03-08,France,1126.0,19.0,12.0
2020-03-08,French Guiana,5.0,0.0,0.0
2020-03-08,Georgia,13.0,0.0,0.0
2020-03-08,Germany,1040.0,0.0,18.0
2020-03-08,Gibraltar,1.0,0.0,0.0
2020-03-08,Greece,73.0,0.0,0.0
2020-03-08,Hong Kong,114.0,3.0,58.0
2020-03-08,Hungary,7.0,0.0,0.0
2020-03-08,Iceland,50.0,0.0,0.0
2020-03-08,India,39.0,0.0,3.0
2020-03-08,Indonesia,6.0,0.0,0.0
2020-03-08,Iran,6566.0,194.0,2134.0
2020-03-08,Iraq,60.0,6.0,0.0
2020-03-08,Ireland,19.0,0.0,0.0
2020-03-08,Israel,39.0,0.0,2.0
2020-03-08,Italy,7375.0,366.0,622.0
2020-03-08,Japan,502.0,6.0,76.0
2020-03-08,Jordan,1.0,0.0,0.0
2020-03-08,Kuwait,64.0,0.0,1.0
2020-03-08,Latvia,2.0,0.0,0.0
2020-03-08,Lebanon,32.0,0.0,1.0
2020-03-08,Liechtenstein,1.0,0.0,0.0
2020-03-08,Lithuania,1.0,0.0,0.0
2020-03-08,Luxembourg,3.0,0.0,0.0
2020-03-08,Macau,10.0,0.0,10.0
2020-03-08,Mainland China,80699.0,3097.0,57320.0
2020-03-08,Malaysia,99.0,0.0,24.0
2020-03-08,Maldives,4.0,0.0,0.0
2020-03-08,Malta,3.0,0.0,0.0
2020-03-08,Martinique,2.0,0.0,0.0
2020-03-08,Mexico,7.0,0.0,1.0
2020-03-08,Moldova,1.0,0.0,0.0
2020-03-08,Monaco,1.0,0.0,0.0
2020-03-08,Morocco,2.0,0.0,0.0
2020-03-08,Nepal,1.0,0.0,1.0
2020-03-08,Netherlands,265.0,3.0,0.0
2020-03-08,New Zealand,5.0,0.0,0.0
2020-03-08,Nigeria,1.0,0.0,0.0
2020-03-08,North Macedonia,3.0,0.0,0.0
2020-03-08,Norway,176.0,0.0,0.0
2020-03-08,Oman,16.0,0.0,2.0
2020-03-08,Others,696.0,6.0,40.0
2020-03-08,Pakistan,6.0,0.0,1.0
2020-03-08,Palestine,22.0,0.0,0.0
2020-03-08,Paraguay,1.0,0.0,0.0
2020-03-08,Peru,6.0,0.0,0.0
2020-03-08,Philippines,10.0,1.0,1.0
2020-03-08,Poland,11.0,0.0,0.0
2020-03-08,Portugal,30.0,0.0,0.0
2020-03-08,Qatar,15.0,0.0,0.0
2020-03-08,Republic of Ireland,21.0,0.0,0.0
2020-03-08,Romania,15.0,0.0,3.0
2020-03-08,Russia,17.0,0.0,3.0
2020-03-08,Saint Barthelemy,3.0,0.0,0.0
2020-03-08,San Marino,36.0,1.0,0.0
2020-03-08,Saudi Arabia,11.0,0.0,0.0
2020-03-08,Senegal,4.0,0.0,1.0
2020-03-08,Serbia,1.0,0.0,0.0
2020-03-08,Singapore,150.0,0.0,78.0
2020-03-08,Slovakia,3.0,0.0,0.0
2020-03-08,Slovenia,16.0,0.0,0.0
2020-03-08,South Africa,3.0,0.0,0.0
2020-03-08,South Korea,7314.0,50.0,118.0
2020-03-08,Spain,673.0,17.0,30.0
2020-03-08,Sri Lanka,1.0,0.0,1.0
2020-03-08,Sweden,203.0,0.0,0.0
2020-03-08,Switzerland,337.0,2.0,3.0
2020-03-08,Taiwan,45.0,1.0,13.0
2020-03-08,Thailand,50.0,1.0,31.0
2020-03-08,Togo,1.0,0.0,0.0
2020-03-08,Tunisia,2.0,0.0,0.0
2020-03-08,UK,273.0,3.0,18.0
2020-03-08,US,537.0,21.0,8.0
2020-03-08,Ukraine,1.0,0.0,0.0
2020-03-08,United Arab Emirates,45.0,0.0,7.0
2020-03-08,Vatican City,1.0,0.0,0.0
2020-03-08,Vietnam,30.0,0.0,16.0
2020-03-09,Afghanistan,4.0,0.0,0.0
2020-03-09,Albania,2.0,0.0,0.0
2020-03-09,Algeria,20.0,0.0,0.0
2020-03-09,Andorra,1.0,0.0,0.0
2020-03-09,Argentina,12.0,1.0,0.0
2020-03-09,Armenia,1.0,0.0,0.0
2020-03-09,Australia,91.0,4.0,21.0
2020-03-09,Austria,131.0,0.0,2.0
2020-03-09,Azerbaijan,9.0,0.0,0.0
2020-03-09,Bahrain,95.0,0.0,14.0
2020-03-09,Bangladesh,3.0,0.0,0.0
2020-03-09,Belarus,6.0,0.0,1.0
2020-03-09,Belgium,239.0,0.0,1.0
2020-03-09,Bhutan,1.0,0.0,0.0
2020-03-09,Bosnia and Herzegovina,3.0,0.0,0.0
2020-03-09,Brazil,25.0,0.0,0.0
2020-03-09,Brunei,1.0,0.0,0.0
2020-03-09,Bulgaria,4.0,0.0,0.0
2020-03-09,Cambodia,2.0,0.0,1.0
2020-03-09,Cameroon,2.0,0.0,0.0
2020-03-09,Canada,76.0,1.0,8.0
2020-03-09,Chile,8.0,0.0,0.0
2020-03-09,Colombia,1.0,0.0,0.0
2020-03-09,Costa Rica,9.0,0.0,0.0
2020-03-09,Croatia,12.0,0.0,0.0
2020-03-09,Cyprus,2.0,0.0,0.0
2020-03-09,Czech Republic,31.0,0.0,0.0
2020-03-09,Denmark,90.0,0.0,1.0
2020-03-09,Dominican Republic,5.0,0.0,0.0
2020-03-09,Ecuador,15.0,0.0,0.0
2020-03-09,Egypt,55.0,1.0,12.0
2020-03-09,Estonia,10.0,0.0,0.0
2020-03-09,Faroe Islands,2.0,0.0,0.0
2020-03-09,Finland,30.0,0.0,1.0
2020-03-09,France,1209.0,19.0,12.0
2020-03-09,French Guiana,5.0,0.0,0.0
2020-03-09,Georgia,15.0,0.0,0.0
2020-03-09,Germany,1176.0,2.0,18.0
2020-03-09,Gibraltar,1.0,0.0,0.0
2020-03-09,Greece,73.0,0.0,0.0
2020-03-09,Hong Kong,115.0,3.0,59.0
2020-03-09,Hungary,9.0,0.0,0.0
2020-03-09,Iceland,58.0,0.0,0.0
2020-03-09,India,43.0,0.0,3.0
2020-03-09,Indonesia,19.0,0.0,0.0
2020-03-09,Iran,7161.0,237.0,2394.0
2020-03-09,Iraq,60.0,6.0,9.0
2020-03-09,Ireland,21.0,0.0,0.0
2020-03-09,Israel,39.0,0.0,2.0
2020-03-09,Italy,9172.0,463.0,724.0
2020-03-09,Japan,511.0,17.0,76.0
2020-03-09,Jordan,1.0,0.0,0.0
2020-03-09,Kuwait,64.0,0.0,1.0
2020-03-09,Latvia,6.0,0.0,0.0
2020-03-09,Lebanon,32.0,0.0,1.0
2020-03-09,Liechtenstein,1.0,0.0,0.0
2020-03-09,Lithuania,1.0,0.0,0.0
2020-03-09,Luxembourg,3.0,0.0,0.0
2020-03-09,Macau,10.0,0.0,10.0
2020-03-09,Mainland China,80735.0,3120.0,58735.0
2020-03-09,Malaysia,117.0,0.0,24.0
2020-03-09,Maldives,4.0,0.0,0.0
2020-03-09,Malta,3.0,0.0,0.0
2020-03-09,Martinique,2.0,0.0,0.0
2020-03-09,Mexico,7.0,0.0,1.0
2020-03-09,Moldova,1.0,0.0,0.0
2020-03-09,Monaco,1.0,0.0,0.0
2020-03-09,Morocco,2.0,0.0,0.0
2020-03-09,Nepal,1.0,0.0,1.0
2020-03-09,Netherlands,321.0,3.0,0.0
2020-03-09,New Zealand,5.0,0.0,0.0
2020-03-09,Nigeria,2.0,0.0,0.0
2020-03-09,North Macedonia,3.0,0.0,0.0
2020-03-09,Norway,205.0,0.0,1.0
2020-03-09,Oman,16.0,0.0,2.0
2020-03-09,Others,696.0,6.0,40.0
2020-03-09,Pakistan,6.0,0.0,1.0
2020-03-09,Palestine,22.0,0.0,0.0
2020-03-09,Paraguay,1.0,0.0,0.0
2020-03-09,Peru,7.0,0.0,0.0
2020-03-09,Philippines,20.0,1.0,1.0
2020-03-09,Poland,16.0,0.0,0.0
2020-03-09,Portugal,30.0,0.0,0.0
2020-03-09,Qatar,18.0,0.0,0.0
2020-03-09,Romania,15.0,0.0,3.0
2020-03-09,Russia,17.0,0.0,3.0
2020-03-09,Saint Barthelemy,1.0,0.0,0.0
2020-03-09,San Marino,36.0,1.0,0.0
2020-03-09,Saudi Arabia,15.0,0.0,0.0
2020-03-09,Senegal,4.0,0.0,1.0
2020-03-09,Serbia,1.0,0.0,0.0
2020-03-09,Singapore,150.0,0.0,78.0
2020-03-09,Slovakia,3.0,0.0,0.0
2020-03-09,Slovenia,16.0,0.0,0.0
2020-03-09,South Africa,3.0,0.0,0.0
2020-03-09,South Korea,7478.0,53.0,118.0
2020-03-09,Spain,1073.0,28.0,32.0
2020-03-09,Sri Lanka,1.0,0.0,1.0
2020-03-09,St. Martin,2.0,0.0,0.0
2020-03-09,Sweden,248.0,0.0,1.0
2020-03-09,Switzerland,374.0,2.0,3.0
2020-03-09,Taiwan,45.0,1.0,15.0
2020-03-09,Thailand,50.0,1.0,31.0
2020-03-09,Togo,1.0,0.0,0.0
2020-03-09,Tunisia,2.0,0.0,0.0
2020-03-09,UK,321.0,4.0,18.0
2020-03-09,US,605.0,22.0,8.0
2020-03-09,Ukraine,1.0,0.0,0.0
2020-03-09,United Arab Emirates,45.0,0.0,7.0
2020-03-09,Vatican City,1.0,0.0,0.0
2020-03-09,Vietnam,30.0,0.0,16.0
2020-03-10,Afghanistan,5.0,0.0,0.0
2020-03-10,Albania,10.0,0.0,0.0
2020-03-10,Algeria,20.0,0.0,0.0
2020-03-10,Andorra,1.0,0.0,0.0
2020-03-10,Argentina,17.0,1.0,0.0
2020-03-10,Armenia,1.0,0.0,0.0
2020-03-10,Australia,107.0,3.0,21.0
2020-03-10,Austria,182.0,0.0,4.0
2020-03-10,Azerbaijan,11.0,0.0,0.0
2020-03-10,Bahrain,110.0,0.0,22.0
2020-03-10,Bangladesh,3.0,0.0,0.0
2020-03-10,Belarus,9.0,0.0,3.0
2020-03-10,Belgium,267.0,0.0,1.0
2020-03-10,Bhutan,1.0,0.0,0.0
2020-03-10,Bosnia and Herzegovina,5.0,0.0,0.0
2020-03-10,Brazil,31.0,0.0,0.0
2020-03-10,Brunei,1.0,0.0,0.0
2020-03-10,Bulgaria,4.0,0.0,0.0
2020-03-10,Burkina Faso,1.0,0.0,0.0
2020-03-10,Cambodia,2.0,0.0,1.0
2020-03-10,Cameroon,2.0,0.0,0.0
2020-03-10,Canada,79.0,1.0,8.0
2020-03-10,Channel Islands,1.0,0.0,0.0
2020-03-10,Chile,13.0,0.0,0.0
2020-03-10,Colombia,3.0,0.0,0.0
2020-03-10,Costa Rica,9.0,0.0,0.0
2020-03-10,Croatia,14.0,0.0,0.0
2020-03-10,Cyprus,3.0,0.0,0.0
2020-03-10,Czech Republic,41.0,0.0,0.0
2020-03-10,Denmark,262.0,0.0,1.0
2020-03-10,Dominican Republic,5.0,0.0,0.0
2020-03-10,Ecuador,15.0,0.0,0.0
2020-03-10,Egypt,59.0,1.0,1.0
2020-03-10,Estonia,12.0,0.0,0.0
2020-03-10,Faroe Islands,2.0,0.0,0.0
2020-03-10,Finland,40.0,0.0,1.0
2020-03-10,France,1784.0,33.0,12.0
2020-03-10,French Guiana,5.0,0.0,0.0
2020-03-10,Georgia,15.0,0.0,0.0
2020-03-10,Germany,1457.0,2.0,18.0
2020-03-10,Gibraltar,1.0,0.0,1.0
2020-03-10,Greece,89.0,0.0,0.0
2020-03-10,Holy See,1.0,0.0,0.0
2020-03-10,Hong Kong SAR,120.0,3.0,65.0
2020-03-10,Hungary,9.0,0.0,0.0
2020-03-10,Iceland,69.0,0.0,1.0
2020-03-10,India,56.0,0.0,4.0
2020-03-10,Indonesia,27.0,0.0,2.0
2020-03-10,Iran (Islamic Republic of),8042.0,291.0,2731.0
2020-03-10,Iraq,71.0,7.0,3.0
2020-03-10,Ireland,34.0,0.0,0.0
2020-03-10,Israel,58.0,0.0,4.0
2020-03-10,Italy,10149.0,631.0,724.0
2020-03-10,Japan,581.0,10.0,101.0
2020-03-10,Jordan,1.0,0.0,0.0
2020-03-10,Kuwait,69.0,0.0,1.0
2020-03-10,Latvia,8.0,0.0,1.0
2020-03-10,Lebanon,41.0,1.0,1.0
2020-03-10,Liechtenstein,1.0,0.0,0.0
2020-03-10,Lithuania,1.0,0.0,0.0
2020-03-10,Luxembourg,5.0,0.0,0.0
2020-03-10,Macao SAR,10.0,0.0,10.0
2020-03-10,Mainland China,80757.0,3136.0,60106.0
2020-03-10,Malaysia,129.0,0.0,24.0
2020-03-10,Maldives,6.0,0.0,0.0
2020-03-10,Malta,5.0,0.0,0.0
2020-03-10,Martinique,2.0,0.0,0.0
2020-03-10,Mexico,7.0,0.0,4.0
2020-03-10,Monaco,1.0,0.0,0.0
2020-03-10,Mongolia,1.0,0.0,0.0
2020-03-10,Morocco,3.0,1.0,0.0
2020-03-10,Nepal,1.0,0.0,1.0
2020-03-10,Netherlands,382.0,4.0,0.0
2020-03-10,New Zealand,5.0,0.0,0.0
2020-03-10,Nigeria,2.0,0.0,0.0
2020-03-10,North Macedonia,7.0,0.0,0.0
2020-03-10,Norway,400.0,0.0,1.0
2020-03-10,Oman,18.0,0.0,9.0
2020-03-10,Others,696.0,6.0,40.0
2020-03-10,Pakistan,16.0,0.0,1.0
2020-03-10,Panama,1.0,0.0,0.0
2020-03-10,Paraguay,1.0,0.0,0.0
2020-03-10,Peru,11.0,0.0,0.0
2020-03-10,Philippines,33.0,1.0,2.0
2020-03-10,Poland,22.0,0.0,0.0
2020-03-10,Portugal,41.0,0.0,0.0
2020-03-10,Qatar,24.0,0.0,0.0
2020-03-10,Republic of Korea,7513.0,54.0,247.0
2020-03-10,Republic of Moldova,3.0,0.0,0.0
2020-03-10,Romania,25.0,0.0,3.0
2020-03-10,Russian Federation,10.0,0.0,3.0
2020-03-10,Saint Barthelemy,1.0,0.0,0.0
2020-03-10,Saint Martin,2.0,0.0,0.0
2020-03-10,San Marino,51.0,2.0,0.0
2020-03-10,Saudi Arabia,20.0,0.0,1.0
2020-03-10,Senegal,4.0,0.0,1.0
2020-03-10,Serbia,5.0,0.0,0.0
2020-03-10,Singapore,160.0,0.0,78.0
2020-03-10,Slovakia,7.0,0.0,0.0
2020-03-10,Slovenia,31.0,0.0,0.0
2020-03-10,South Africa,7.0,0.0,0.0
2020-03-10,Spain,1695.0,35.0,32.0
2020-03-10,Sri Lanka,1.0,0.0,1.0
2020-03-10,Sweden,355.0,0.0,1.0
2020-03-10,Switzerland,491.0,3.0,3.0
2020-03-10,Taipei and environs,47.0,1.0,17.0
2020-03-10,Thailand,53.0,1.0,33.0
2020-03-10,Togo,1.0,0.0,0.0
2020-03-10,Tunisia,5.0,0.0,0.0
2020-03-10,UK,382.0,6.0,18.0
2020-03-10,US,959.0,28.0,8.0
2020-03-10,Ukraine,1.0,0.0,0.0
2020-03-10,United Arab Emirates,74.0,0.0,12.0
2020-03-10,Viet Nam,31.0,0.0,16.0
2020-03-10,occupied Palestinian territory,25.0,0.0,0.0
2020-03-11,Afghanistan,7.0,0.0,0.0
2020-03-11,Albania,12.0,1.0,0.0
2020-03-11,Algeria,20.0,0.0,0.0
2020-03-11,Andorra,1.0,0.0,0.0
2020-03-11,Argentina,19.0,1.0,0.0
2020-03-11,Armenia,1.0,0.0,0.0
2020-03-11,Australia,128.0,3.0,21.0
2020-03-11,Austria,246.0,0.0,4.0
2020-03-11,Azerbaijan,11.0,0.0,3.0
2020-03-11,Bahrain,195.0,0.0,35.0
2020-03-11,Bangladesh,3.0,0.0,0.0
2020-03-11,Belarus,9.0,0.0,3.0
2020-03-11,Belgium,314.0,3.0,1.0
2020-03-11,Bhutan,1.0,0.0,0.0
2020-03-11,Bolivia,2.0,0.0,0.0
2020-03-11,Bosnia and Herzegovina,7.0,0.0,0.0
2020-03-11,Brazil,38.0,0.0,0.0
2020-03-11,Brunei,11.0,0.0,0.0
2020-03-11,Bulgaria,7.0,1.0,0.0
2020-03-11,Burkina Faso,2.0,0.0,0.0
2020-03-11,Cambodia,3.0,0.0,1.0
2020-03-11,Cameroon,2.0,0.0,0.0
2020-03-11,Canada,108.0,1.0,8.0
2020-03-11,Chile,23.0,0.0,0.0
2020-03-11,China,80921.0,3161.0,61644.0
2020-03-11,Colombia,9.0,0.0,0.0
2020-03-11,Congo (Kinshasa),1.0,0.0,0.0
2020-03-11,Costa Rica,13.0,0.0,0.0
2020-03-11,Cote d'Ivoire,1.0,0.0,0.0
2020-03-11,Croatia,19.0,0.0,0.0
2020-03-11,Cruise Ship,696.0,7.0,325.0
2020-03-11,Cyprus,6.0,0.0,0.0
2020-03-11,Czechia,91.0,0.0,0.0
2020-03-11,Denmark,444.0,0.0,1.0
2020-03-11,Dominican Republic,5.0,0.0,0.0
2020-03-11,Ecuador,17.0,0.0,0.0
2020-03-11,Egypt,60.0,1.0,27.0
2020-03-11,Estonia,16.0,0.0,0.0
2020-03-11,Finland,59.0,0.0,1.0
2020-03-11,France,2284.0,48.0,12.0
2020-03-11,French Guiana,5.0,0.0,0.0
2020-03-11,Georgia,24.0,0.0,0.0
2020-03-11,Germany,1908.0,3.0,25.0
2020-03-11,Greece,99.0,1.0,0.0
2020-03-11,Holy See,1.0,0.0,0.0
2020-03-11,Honduras,2.0,0.0,0.0
2020-03-11,Hungary,13.0,0.0,0.0
2020-03-11,Iceland,85.0,0.0,1.0
2020-03-11,India,62.0,1.0,4.0
2020-03-11,Indonesia,34.0,1.0,2.0
2020-03-11,Iran,9000.0,354.0,2959.0
2020-03-11,Iraq,71.0,7.0,15.0
2020-03-11,Ireland,43.0,1.0,0.0
2020-03-11,Israel,109.0,0.0,4.0
2020-03-11,Italy,12462.0,827.0,1045.0
2020-03-11,Jamaica,1.0,0.0,0.0
2020-03-11,Japan,639.0,15.0,118.0
2020-03-11,Jordan,1.0,0.0,0.0
2020-03-11,"Korea, South",7755.0,60.0,288.0
2020-03-11,Kuwait,72.0,0.0,2.0
2020-03-11,Latvia,10.0,0.0,1.0
2020-03-11,Lebanon,61.0,3.0,1.0
2020-03-11,Liechtenstein,1.0,0.0,0.0
2020-03-11,Lithuania,3.0,0.0,0.0
2020-03-11,Luxembourg,7.0,0.0,0.0
2020-03-11,Mainland China,0.0,0.0,0.0
2020-03-11,Malaysia,149.0,0.0,26.0
2020-03-11,Maldives,8.0,0.0,0.0
2020-03-11,Malta,6.0,0.0,0.0
2020-03-11,Martinique,3.0,0.0,0.0
2020-03-11,Mexico,8.0,0.0,4.0
2020-03-11,Moldova,3.0,0.0,0.0
2020-03-11,Monaco,1.0,0.0,0.0
2020-03-11,Mongolia,1.0,0.0,0.0
2020-03-11,Morocco,5.0,1.0,0.0
2020-03-11,Nepal,1.0,0.0,1.0
2020-03-11,Netherlands,503.0,5.0,0.0
2020-03-11,New Zealand,5.0,0.0,0.0
2020-03-11,Nigeria,2.0,0.0,0.0
2020-03-11,North Macedonia,7.0,0.0,0.0
2020-03-11,Norway,598.0,0.0,1.0
2020-03-11,Oman,18.0,0.0,9.0
2020-03-11,Pakistan,19.0,0.0,2.0
2020-03-11,Panama,8.0,1.0,0.0
2020-03-11,Paraguay,5.0,0.0,0.0
2020-03-11,Peru,11.0,0.0,0.0
2020-03-11,Philippines,49.0,1.0,2.0
2020-03-11,Poland,31.0,0.0,0.0
2020-03-11,Portugal,59.0,0.0,0.0
2020-03-11,Qatar,262.0,0.0,0.0
2020-03-11,Reunion,1.0,0.0,0.0
2020-03-11,Romania,45.0,0.0,6.0
2020-03-11,Russia,20.0,0.0,3.0
2020-03-11,San Marino,62.0,2.0,0.0
2020-03-11,Saudi Arabia,21.0,0.0,1.0
2020-03-11,Senegal,4.0,0.0,1.0
2020-03-11,Serbia,12.0,0.0,0.0
2020-03-11,Singapore,178.0,0.0,96.0
2020-03-11,Slovakia,10.0,0.0,0.0
2020-03-11,Slovenia,57.0,0.0,0.0
2020-03-11,South Africa,13.0,0.0,0.0
2020-03-11,Spain,2277.0,54.0,183.0
2020-03-11,Sri Lanka,2.0,0.0,1.0
2020-03-11,Sweden,500.0,1.0,1.0
2020-03-11,Switzerland,652.0,4.0,4.0
2020-03-11,Taiwan*,48.0,1.0,17.0
2020-03-11,Thailand,59.0,1.0,34.0
2020-03-11,Togo,1.0,0.0,0.0
2020-03-11,Tunisia,7.0,0.0,0.0
2020-03-11,Turkey,1.0,0.0,0.0
2020-03-11,US,1281.0,36.0,8.0
2020-03-11,Ukraine,1.0,0.0,0.0
2020-03-11,United Arab Emirates,74.0,0.0,17.0
2020-03-11,United Kingdom,459.0,8.0,19.0
2020-03-11,Vietnam,38.0,0.0,16.0
2020-03-11,occupied Palestinian territory,0.0,0.0,0.0
2020-03-12,Afghanistan,7.0,0.0,0.0
2020-03-12,Albania,23.0,1.0,0.0
2020-03-12,Algeria,24.0,1.0,8.0
2020-03-12,Andorra,1.0,0.0,1.0
2020-03-12,Argentina,19.0,1.0,0.0
2020-03-12,Armenia,4.0,0.0,0.0
2020-03-12,Australia,128.0,3.0,21.0
2020-03-12,Austria,302.0,1.0,4.0
2020-03-12,Azerbaijan,11.0,0.0,3.0
2020-03-12,Bahrain,195.0,0.0,35.0
2020-03-12,Bangladesh,3.0,0.0,0.0
2020-03-12,Belarus,12.0,0.0,3.0
2020-03-12,Belgium,314.0,3.0,1.0
2020-03-12,Bhutan,1.0,0.0,0.0
2020-03-12,Bolivia,2.0,0.0,0.0
2020-03-12,Bosnia and Herzegovina,11.0,0.0,0.0
2020-03-12,Brazil,52.0,0.0,0.0
2020-03-12,Brunei,11.0,0.0,0.0
2020-03-12,Bulgaria,7.0,1.0,0.0
2020-03-12,Burkina Faso,2.0,0.0,0.0
2020-03-12,Cambodia,3.0,0.0,1.0
2020-03-12,Cameroon,2.0,0.0,0.0
2020-03-12,Canada,117.0,1.0,8.0
2020-03-12,Chile,23.0,0.0,0.0
2020-03-12,China,80932.0,3172.0,62901.0
2020-03-12,Colombia,9.0,0.0,0.0
2020-03-12,Congo (Kinshasa),1.0,0.0,0.0
2020-03-12,Costa Rica,22.0,0.0,0.0
2020-03-12,Cote d'Ivoire,1.0,0.0,0.0
2020-03-12,Croatia,19.0,0.0,0.0
2020-03-12,Cruise Ship,696.0,7.0,325.0
2020-03-12,Cuba,3.0,0.0,0.0
2020-03-12,Cyprus,6.0,0.0,0.0
2020-03-12,Czechia,94.0,0.0,0.0
2020-03-12,Denmark,617.0,0.0,1.0
2020-03-12,Dominican Republic,5.0,0.0,0.0
2020-03-12,Ecuador,17.0,0.0,0.0
2020-03-12,Egypt,67.0,1.0,27.0
2020-03-12,Estonia,16.0,0.0,0.0
2020-03-12,Finland,59.0,0.0,1.0
2020-03-12,France,2284.0,48.0,12.0
2020-03-12,French Guiana,5.0,0.0,0.0
2020-03-12,Georgia,24.0,0.0,0.0
2020-03-12,Germany,2078.0,3.0,25.0
2020-03-12,Greece,99.0,1.0,0.0
2020-03-12,Guyana,1.0,1.0,0.0
2020-03-12,Holy See,1.0,0.0,0.0
2020-03-12,Honduras,2.0,0.0,0.0
2020-03-12,Hungary,13.0,0.0,0.0
2020-03-12,Iceland,103.0,0.0,1.0
2020-03-12,India,73.0,1.0,4.0
2020-03-12,Indonesia,34.0,1.0,2.0
2020-03-12,Iran,10075.0,429.0,2959.0
2020-03-12,Iraq,71.0,8.0,15.0
2020-03-12,Ireland,43.0,1.0,0.0
2020-03-12,Israel,131.0,0.0,4.0
2020-03-12,Italy,12462.0,827.0,1045.0
2020-03-12,Jamaica,2.0,0.0,0.0
2020-03-12,Japan,639.0,16.0,118.0
2020-03-12,Jordan,1.0,0.0,0.0
2020-03-12,"Korea, South",7869.0,66.0,333.0
2020-03-12,Kuwait,80.0,0.0,5.0
2020-03-12,Latvia,10.0,0.0,1.0
2020-03-12,Lebanon,61.0,3.0,1.0
2020-03-12,Liechtenstein,1.0,0.0,0.0
2020-03-12,Lithuania,3.0,0.0,0.0
2020-03-12,Luxembourg,19.0,0.0,0.0
2020-03-12,Mainland China,0.0,0.0,0.0
2020-03-12,Malaysia,149.0,0.0,26.0
2020-03-12,Maldives,8.0,0.0,0.0
2020-03-12,Malta,6.0,0.0,0.0
2020-03-12,Martinique,3.0,0.0,0.0
2020-03-12,Mexico,12.0,0.0,4.0
2020-03-12,Moldova,3.0,0.0,0.0
2020-03-12,Monaco,2.0,0.0,0.0
2020-03-12,Mongolia,1.0,0.0,0.0
2020-03-12,Morocco,6.0,1.0,0.0
2020-03-12,Nepal,1.0,0.0,1.0
2020-03-12,Netherlands,503.0,5.0,0.0
2020-03-12,New Zealand,5.0,0.0,0.0
2020-03-12,Nigeria,2.0,0.0,0.0
2020-03-12,North Macedonia,7.0,0.0,0.0
2020-03-12,Norway,702.0,0.0,1.0
2020-03-12,Oman,18.0,0.0,9.0
2020-03-12,Pakistan,20.0,0.0,2.0
2020-03-12,Panama,11.0,1.0,0.0
2020-03-12,Paraguay,5.0,0.0,0.0
2020-03-12,Peru,15.0,0.0,0.0
2020-03-12,Philippines,52.0,2.0,2.0
2020-03-12,Poland,49.0,1.0,0.0
2020-03-12,Portugal,59.0,0.0,0.0
2020-03-12,Qatar,262.0,0.0,0.0
2020-03-12,Reunion,1.0,0.0,0.0
2020-03-12,Romania,49.0,0.0,6.0
2020-03-12,Russia,28.0,0.0,3.0
2020-03-12,San Marino,69.0,3.0,0.0
2020-03-12,Saudi Arabia,45.0,0.0,1.0
2020-03-12,Senegal,4.0,0.0,1.0
2020-03-12,Serbia,19.0,0.0,0.0
2020-03-12,Singapore,178.0,0.0,96.0
2020-03-12,Slovakia,16.0,0.0,0.0
2020-03-12,Slovenia,89.0,0.0,0.0
2020-03-12,South Africa,17.0,0.0,0.0
2020-03-12,Spain,2277.0,55.0,183.0
2020-03-12,Sri Lanka,2.0,0.0,1.0
2020-03-12,Sweden,599.0,1.0,1.0
2020-03-12,Switzerland,652.0,4.0,4.0
2020-03-12,Taiwan*,49.0,1.0,20.0
2020-03-12,Thailand,70.0,1.0,34.0
2020-03-12,Togo,1.0,0.0,0.0
2020-03-12,Tunisia,7.0,0.0,0.0
2020-03-12,Turkey,1.0,0.0,0.0
2020-03-12,US,1663.0,40.0,12.0
2020-03-12,Ukraine,1.0,0.0,0.0
2020-03-12,United Arab Emirates,85.0,0.0,17.0
2020-03-12,United Kingdom,459.0,8.0,19.0
2020-03-12,Vietnam,39.0,0.0,16.0
2020-03-12,occupied Palestinian territory,0.0,0.0,0.0
2020-03-13,Afghanistan,7.0,0.0,0.0
2020-03-13,Albania,33.0,1.0,0.0
2020-03-13,Algeria,26.0,2.0,8.0
2020-03-13,Andorra,1.0,0.0,0.0
2020-03-13,Antigua and Barbuda,1.0,0.0,0.0
2020-03-13,Argentina,31.0,2.0,0.0
2020-03-13,Armenia,8.0,0.0,0.0
2020-03-13,Aruba,2.0,0.0,0.0
2020-03-13,Australia,200.0,3.0,23.0
2020-03-13,Austria,504.0,1.0,6.0
2020-03-13,Azerbaijan,15.0,1.0,3.0
2020-03-13,Bahrain,189.0,0.0,44.0
2020-03-13,Bangladesh,3.0,0.0,0.0
2020-03-13,Belarus,27.0,0.0,3.0
2020-03-13,Belgium,559.0,3.0,1.0
2020-03-13,Bhutan,1.0,0.0,0.0
2020-03-13,Bolivia,3.0,0.0,0.0
2020-03-13,Bosnia and Herzegovina,13.0,0.0,0.0
2020-03-13,Brazil,151.0,0.0,0.0
2020-03-13,Brunei,37.0,0.0,0.0
2020-03-13,Bulgaria,23.0,1.0,0.0
2020-03-13,Burkina Faso,2.0,0.0,0.0
2020-03-13,Cambodia,5.0,0.0,1.0
2020-03-13,Cameroon,2.0,0.0,0.0
2020-03-13,Canada,193.0,1.0,8.0
2020-03-13,Cayman Islands,1.0,0.0,0.0
2020-03-13,Chile,43.0,0.0,0.0
2020-03-13,China,80945.0,3180.0,64196.0
2020-03-13,Colombia,13.0,0.0,0.0
2020-03-13,Congo (Kinshasa),2.0,0.0,0.0
2020-03-13,Costa Rica,23.0,0.0,0.0
2020-03-13,Cote d'Ivoire,1.0,0.0,0.0
2020-03-13,Croatia,32.0,0.0,1.0
2020-03-13,Cruise Ship,696.0,7.0,325.0
2020-03-13,Cuba,4.0,0.0,0.0
2020-03-13,Cyprus,14.0,0.0,0.0
2020-03-13,Czechia,141.0,0.0,0.0
2020-03-13,Denmark,804.0,0.0,1.0
2020-03-13,Dominican Republic,5.0,0.0,0.0
2020-03-13,Ecuador,17.0,0.0,0.0
2020-03-13,Egypt,80.0,2.0,27.0
2020-03-13,Estonia,79.0,0.0,0.0
2020-03-13,Ethiopia,1.0,0.0,0.0
2020-03-13,Finland,155.0,0.0,1.0
2020-03-13,France,3667.0,79.0,12.0
2020-03-13,French Guiana,5.0,0.0,0.0
2020-03-13,Georgia,25.0,0.0,0.0
2020-03-13,Germany,3675.0,7.0,46.0
2020-03-13,Greece,190.0,1.0,0.0
2020-03-13,Guadeloupe,1.0,0.0,0.0
2020-03-13,Guinea,1.0,0.0,0.0
2020-03-13,Guyana,1.0,1.0,0.0
2020-03-13,Holy See,1.0,0.0,0.0
2020-03-13,Honduras,2.0,0.0,0.0
2020-03-13,Hungary,19.0,0.0,0.0
2020-03-13,Iceland,134.0,0.0,1.0
2020-03-13,India,82.0,2.0,4.0
2020-03-13,Indonesia,69.0,4.0,2.0
2020-03-13,Iran,11364.0,514.0,2959.0
2020-03-13,Iraq,101.0,9.0,24.0
2020-03-13,Ireland,90.0,1.0,0.0
2020-03-13,Israel,161.0,0.0,4.0
2020-03-13,Italy,17660.0,1266.0,1439.0
2020-03-13,Jamaica,8.0,0.0,0.0
2020-03-13,Japan,701.0,19.0,118.0
2020-03-13,Jordan,1.0,0.0,1.0
2020-03-13,Kazakhstan,4.0,0.0,0.0
2020-03-13,Kenya,1.0,0.0,0.0
2020-03-13,"Korea, South",7979.0,66.0,510.0
2020-03-13,Kuwait,80.0,0.0,5.0
2020-03-13,Latvia,17.0,0.0,1.0
2020-03-13,Lebanon,77.0,3.0,1.0
2020-03-13,Liechtenstein,1.0,0.0,0.0
2020-03-13,Lithuania,6.0,0.0,0.0
2020-03-13,Luxembourg,34.0,0.0,0.0
2020-03-13,Malaysia,197.0,0.0,26.0
2020-03-13,Maldives,9.0,0.0,0.0
2020-03-13,Malta,12.0,0.0,1.0
2020-03-13,Martinique,3.0,0.0,0.0
2020-03-13,Mexico,12.0,0.0,4.0
2020-03-13,Moldova,6.0,0.0,0.0
2020-03-13,Monaco,2.0,0.0,0.0
2020-03-13,Mongolia,1.0,0.0,0.0
2020-03-13,Morocco,7.0,1.0,1.0
2020-03-13,Nepal,1.0,0.0,1.0
2020-03-13,Netherlands,804.0,10.0,0.0
2020-03-13,New Zealand,5.0,0.0,0.0
2020-03-13,Nigeria,2.0,0.0,0.0
2020-03-13,North Macedonia,14.0,0.0,1.0
2020-03-13,Norway,996.0,0.0,1.0
2020-03-13,Oman,19.0,0.0,9.0
2020-03-13,Pakistan,28.0,0.0,2.0
2020-03-13,Panama,27.0,1.0,0.0
2020-03-13,Paraguay,6.0,0.0,0.0
2020-03-13,Peru,28.0,0.0,0.0
2020-03-13,Philippines,64.0,5.0,2.0
2020-03-13,Poland,68.0,2.0,0.0
2020-03-13,Portugal,112.0,0.0,1.0
2020-03-13,Qatar,320.0,0.0,0.0
2020-03-13,Reunion,5.0,0.0,0.0
2020-03-13,Romania,89.0,0.0,7.0
2020-03-13,Russia,45.0,0.0,3.0
2020-03-13,San Marino,80.0,5.0,0.0
2020-03-13,Saudi Arabia,86.0,0.0,1.0
2020-03-13,Senegal,10.0,0.0,1.0
2020-03-13,Serbia,35.0,0.0,0.0
2020-03-13,Singapore,200.0,0.0,97.0
2020-03-13,Slovakia,32.0,0.0,0.0
2020-03-13,Slovenia,141.0,0.0,0.0
2020-03-13,South Africa,24.0,0.0,0.0
2020-03-13,Spain,5232.0,133.0,193.0
2020-03-13,Sri Lanka,6.0,0.0,1.0
2020-03-13,Sudan,1.0,1.0,0.0
2020-03-13,Sweden,814.0,1.0,1.0
2020-03-13,Switzerland,1139.0,11.0,4.0
2020-03-13,Taiwan*,50.0,1.0,20.0
2020-03-13,Thailand,75.0,1.0,35.0
2020-03-13,Togo,1.0,0.0,0.0
2020-03-13,Tunisia,16.0,0.0,0.0
2020-03-13,Turkey,5.0,0.0,0.0
2020-03-13,US,2179.0,47.0,12.0
2020-03-13,Ukraine,3.0,1.0,0.0
2020-03-13,United Arab Emirates,85.0,0.0,17.0
2020-03-13,United Kingdom,801.0,8.0,19.0
2020-03-13,Vietnam,47.0,0.0,16.0
2020-03-14,Afghanistan,11.0,0.0,0.0
2020-03-14,Albania,38.0,1.0,0.0
2020-03-14,Algeria,37.0,3.0,12.0
2020-03-14,Andorra,1.0,0.0,1.0
2020-03-14,Antigua and Barbuda,1.0,0.0,0.0
2020-03-14,Argentina,34.0,2.0,1.0
2020-03-14,Armenia,18.0,0.0,0.0
2020-03-14,Aruba,2.0,0.0,0.0
2020-03-14,Australia,250.0,3.0,23.0
2020-03-14,Austria,655.0,1.0,6.0
2020-03-14,Azerbaijan,15.0,1.0,3.0
2020-03-14,Bahrain,210.0,0.0,44.0
2020-03-14,Bangladesh,3.0,0.0,0.0
2020-03-14,Belarus,27.0,0.0,3.0
2020-03-14,Belgium,689.0,4.0,1.0
2020-03-14,Bhutan,1.0,0.0,0.0
2020-03-14,Bolivia,10.0,0.0,0.0
2020-03-14,Bosnia and Herzegovina,18.0,0.0,0.0
2020-03-14,Brazil,151.0,0.0,0.0
2020-03-14,Brunei,40.0,0.0,0.0
2020-03-14,Bulgaria,41.0,2.0,0.0
2020-03-14,Burkina Faso,2.0,0.0,0.0
2020-03-14,Cambodia,7.0,0.0,1.0
2020-03-14,Cameroon,2.0,0.0,0.0
2020-03-14,Canada,196.0,1.0,8.0
2020-03-14,Cayman Islands,1.0,0.0,0.0
2020-03-14,Chile,61.0,0.0,0.0
2020-03-14,China,80977.0,3193.0,65660.0
2020-03-14,Colombia,22.0,0.0,0.0
2020-03-14,Congo (Kinshasa),2.0,0.0,0.0
2020-03-14,Costa Rica,26.0,0.0,0.0
2020-03-14,Cote d'Ivoire,1.0,0.0,0.0
2020-03-14,Croatia,38.0,0.0,1.0
2020-03-14,Cruise Ship,696.0,7.0,325.0
2020-03-14,Cuba,4.0,0.0,0.0
2020-03-14,Curacao,1.0,0.0,0.0
2020-03-14,Cyprus,26.0,0.0,0.0
2020-03-14,Czechia,189.0,0.0,0.0
2020-03-14,Denmark,836.0,1.0,1.0
2020-03-14,Dominican Republic,11.0,0.0,0.0
2020-03-14,Ecuador,28.0,2.0,0.0
2020-03-14,Egypt,109.0,2.0,27.0
2020-03-14,Estonia,115.0,0.0,0.0
2020-03-14,Eswatini,1.0,0.0,0.0
2020-03-14,Ethiopia,1.0,0.0,0.0
2020-03-14,Finland,225.0,0.0,1.0
2020-03-14,France,4480.0,91.0,12.0
2020-03-14,French Guiana,5.0,0.0,0.0
2020-03-14,Gabon,1.0,0.0,0.0
2020-03-14,Georgia,30.0,0.0,0.0
2020-03-14,Germany,4585.0,9.0,46.0
2020-03-14,Ghana,3.0,0.0,0.0
2020-03-14,Greece,228.0,3.0,8.0
2020-03-14,Guadeloupe,1.0,0.0,0.0
2020-03-14,Guatemala,1.0,0.0,0.0
2020-03-14,Guernsey,1.0,0.0,0.0
2020-03-14,Guinea,1.0,0.0,0.0
2020-03-14,Guyana,1.0,1.0,0.0
2020-03-14,Holy See,1.0,0.0,0.0
2020-03-14,Honduras,2.0,0.0,0.0
2020-03-14,Hungary,30.0,0.0,1.0
2020-03-14,Iceland,156.0,0.0,1.0
2020-03-14,India,102.0,2.0,4.0
2020-03-14,Indonesia,96.0,5.0,8.0
2020-03-14,Iran,12729.0,611.0,2959.0
2020-03-14,Iraq,110.0,10.0,26.0
2020-03-14,Ireland,129.0,2.0,0.0
2020-03-14,Israel,193.0,0.0,4.0
2020-03-14,Italy,21157.0,1441.0,1966.0
2020-03-14,Jamaica,8.0,0.0,0.0
2020-03-14,Japan,773.0,22.0,118.0
2020-03-14,Jersey,2.0,0.0,0.0
2020-03-14,Jordan,1.0,0.0,1.0
2020-03-14,Kazakhstan,6.0,0.0,0.0
2020-03-14,Kenya,1.0,0.0,0.0
2020-03-14,"Korea, South",8086.0,72.0,510.0
2020-03-14,Kuwait,104.0,0.0,5.0
2020-03-14,Latvia,26.0,0.0,1.0
2020-03-14,Lebanon,93.0,3.0,1.0
2020-03-14,Liechtenstein,4.0,0.0,0.0
2020-03-14,Lithuania,8.0,0.0,0.0
2020-03-14,Luxembourg,51.0,1.0,0.0
2020-03-14,Malaysia,238.0,0.0,35.0
2020-03-14,Maldives,10.0,0.0,0.0
2020-03-14,Malta,18.0,0.0,1.0
2020-03-14,Martinique,9.0,0.0,0.0
2020-03-14,Mauritania,1.0,0.0,0.0
2020-03-14,Mexico,26.0,0.0,4.0
2020-03-14,Moldova,12.0,0.0,0.0
2020-03-14,Monaco,2.0,0.0,0.0
2020-03-14,Mongolia,1.0,0.0,0.0
2020-03-14,Morocco,17.0,1.0,1.0
2020-03-14,Namibia,2.0,0.0,0.0
2020-03-14,Nepal,1.0,0.0,1.0
2020-03-14,Netherlands,959.0,12.0,2.0
2020-03-14,New Zealand,6.0,0.0,0.0
2020-03-14,Nigeria,2.0,0.0,0.0
2020-03-14,North Macedonia,14.0,0.0,1.0
2020-03-14,Norway,1090.0,3.0,1.0
2020-03-14,Oman,19.0,0.0,9.0
2020-03-14,Pakistan,31.0,0.0,2.0
2020-03-14,Panama,36.0,1.0,0.0
2020-03-14,Paraguay,6.0,0.0,0.0
2020-03-14,Peru,38.0,0.0,0.0
2020-03-14,Philippines,111.0,8.0,2.0
2020-03-14,Poland,103.0,3.0,0.0
2020-03-14,Portugal,169.0,0.0,2.0
2020-03-14,Qatar,337.0,0.0,4.0
2020-03-14,Reunion,6.0,0.0,0.0
2020-03-14,Romania,123.0,0.0,9.0
2020-03-14,Russia,59.0,0.0,8.0
2020-03-14,Rwanda,1.0,0.0,0.0
2020-03-14,Saint Lucia,1.0,0.0,0.0
2020-03-14,Saint Vincent and the Grenadines,1.0,0.0,0.0
2020-03-14,San Marino,80.0,5.0,4.0
2020-03-14,Saudi Arabia,103.0,0.0,1.0
2020-03-14,Senegal,10.0,0.0,1.0
2020-03-14,Serbia,46.0,0.0,0.0
2020-03-14,Seychelles,2.0,0.0,0.0
2020-03-14,Singapore,212.0,0.0,105.0
2020-03-14,Slovakia,44.0,0.0,0.0
2020-03-14,Slovenia,181.0,1.0,0.0
2020-03-14,South Africa,38.0,0.0,0.0
2020-03-14,Spain,6391.0,195.0,517.0
2020-03-14,Sri Lanka,10.0,0.0,1.0
2020-03-14,Sudan,1.0,1.0,0.0
2020-03-14,Suriname,1.0,0.0,0.0
2020-03-14,Sweden,961.0,2.0,1.0
2020-03-14,Switzerland,1359.0,13.0,4.0
2020-03-14,Taiwan*,53.0,1.0,20.0
2020-03-14,Thailand,82.0,1.0,35.0
2020-03-14,Togo,1.0,0.0,0.0
2020-03-14,Trinidad and Tobago,2.0,0.0,0.0
2020-03-14,Tunisia,18.0,0.0,0.0
2020-03-14,Turkey,5.0,0.0,0.0
2020-03-14,US,2726.0,54.0,12.0
2020-03-14,Ukraine,3.0,1.0,0.0
2020-03-14,United Arab Emirates,85.0,0.0,17.0
2020-03-14,United Kingdom,1143.0,21.0,19.0
2020-03-14,Uruguay,4.0,0.0,0.0
2020-03-14,Venezuela,2.0,0.0,0.0
2020-03-14,Vietnam,53.0,0.0,16.0
2020-03-14,occupied Palestinian territory,0.0,0.0,0.0
2020-03-15,Afghanistan,16.0,0.0,0.0
2020-03-15,Albania,42.0,1.0,0.0
2020-03-15,Algeria,48.0,4.0,12.0
2020-03-15,Andorra,1.0,0.0,1.0
2020-03-15,Antigua and Barbuda,1.0,0.0,0.0
2020-03-15,Argentina,45.0,2.0,1.0
2020-03-15,Armenia,26.0,0.0,0.0
2020-03-15,Aruba,2.0,0.0,0.0
2020-03-15,Australia,297.0,3.0,23.0
2020-03-15,Austria,860.0,1.0,6.0
2020-03-15,Azerbaijan,23.0,1.0,6.0
2020-03-15,Bahrain,214.0,0.0,60.0
2020-03-15,Bangladesh,5.0,0.0,0.0
2020-03-15,Belarus,27.0,0.0,3.0
2020-03-15,Belgium,886.0,4.0,1.0
2020-03-15,Bhutan,1.0,0.0,0.0
2020-03-15,Bolivia,10.0,0.0,0.0
2020-03-15,Bosnia and Herzegovina,24.0,0.0,0.0
2020-03-15,Brazil,162.0,0.0,0.0
2020-03-15,Brunei,50.0,0.0,0.0
2020-03-15,Bulgaria,51.0,2.0,0.0
2020-03-15,Burkina Faso,3.0,0.0,0.0
2020-03-15,Cambodia,7.0,0.0,1.0
2020-03-15,Cameroon,2.0,0.0,0.0
2020-03-15,Canada,250.0,1.0,8.0
2020-03-15,Cayman Islands,1.0,0.0,0.0
2020-03-15,Central African Republic,1.0,0.0,0.0
2020-03-15,Chile,74.0,0.0,0.0
2020-03-15,China,81003.0,3203.0,67017.0
2020-03-15,Colombia,34.0,0.0,0.0
2020-03-15,Congo (Brazzaville),1.0,0.0,0.0
2020-03-15,Congo (Kinshasa),2.0,0.0,0.0
2020-03-15,Costa Rica,27.0,0.0,0.0
2020-03-15,Cote d'Ivoire,1.0,0.0,0.0
2020-03-15,Croatia,49.0,0.0,1.0
2020-03-15,Cruise Ship,696.0,7.0,325.0
2020-03-15,Cuba,4.0,0.0,0.0
2020-03-15,Curacao,1.0,0.0,0.0
2020-03-15,Cyprus,26.0,0.0,0.0
2020-03-15,Czechia,253.0,0.0,0.0
2020-03-15,Denmark,875.0,2.0,1.0
2020-03-15,Dominican Republic,11.0,0.0,0.0
2020-03-15,Ecuador,28.0,2.0,0.0
2020-03-15,Egypt,110.0,2.0,21.0
2020-03-15,Equatorial Guinea,1.0,0.0,0.0
2020-03-15,Estonia,171.0,0.0,1.0
2020-03-15,Eswatini,1.0,0.0,0.0
2020-03-15,Ethiopia,1.0,0.0,0.0
2020-03-15,Finland,244.0,0.0,10.0
2020-03-15,France,4513.0,91.0,12.0
2020-03-15,Gabon,1.0,0.0,0.0
2020-03-15,Georgia,33.0,0.0,0.0
2020-03-15,Germany,5795.0,11.0,46.0
2020-03-15,Ghana,6.0,0.0,0.0
2020-03-15,Greece,331.0,4.0,8.0
2020-03-15,Guadeloupe,3.0,0.0,0.0
2020-03-15,Guatemala,1.0,0.0,0.0
2020-03-15,Guernsey,1.0,0.0,0.0
2020-03-15,Guinea,1.0,0.0,0.0
2020-03-15,Guyana,4.0,1.0,0.0
2020-03-15,Holy See,1.0,0.0,0.0
2020-03-15,Honduras,3.0,0.0,0.0
2020-03-15,Hungary,32.0,1.0,1.0
2020-03-15,Iceland,171.0,5.0,8.0
2020-03-15,India,113.0,2.0,13.0
2020-03-15,Indonesia,117.0,5.0,8.0
2020-03-15,Iran,13938.0,724.0,4590.0
2020-03-15,Iraq,116.0,10.0,26.0
2020-03-15,Ireland,129.0,2.0,0.0
2020-03-15,Israel,251.0,0.0,4.0
2020-03-15,Italy,24747.0,1809.0,2335.0
2020-03-15,Jamaica,10.0,0.0,0.0
2020-03-15,Japan,839.0,22.0,118.0
2020-03-15,Jersey,2.0,0.0,0.0
2020-03-15,Jordan,8.0,0.0,1.0
2020-03-15,Kazakhstan,9.0,0.0,0.0
2020-03-15,Kenya,3.0,0.0,0.0
2020-03-15,"Korea, South",8162.0,75.0,510.0
2020-03-15,Kosovo,2.0,0.0,0.0
2020-03-15,Kuwait,112.0,0.0,5.0
2020-03-15,Latvia,30.0,0.0,1.0
2020-03-15,Lebanon,110.0,3.0,1.0
2020-03-15,Liechtenstein,4.0,0.0,0.0
2020-03-15,Lithuania,12.0,0.0,1.0
2020-03-15,Luxembourg,59.0,1.0,0.0
2020-03-15,Malaysia,428.0,0.0,42.0
2020-03-15,Maldives,13.0,0.0,0.0
2020-03-15,Malta,21.0,0.0,1.0
2020-03-15,Martinique,9.0,0.0,0.0
2020-03-15,Mauritania,1.0,0.0,0.0
2020-03-15,Mexico,41.0,0.0,4.0
2020-03-15,Moldova,23.0,0.0,0.0
2020-03-15,Monaco,2.0,0.0,0.0
2020-03-15,Mongolia,1.0,0.0,0.0
2020-03-15,Morocco,28.0,1.0,1.0
2020-03-15,Namibia,2.0,0.0,0.0
2020-03-15,Nepal,1.0,0.0,1.0
2020-03-15,Netherlands,1135.0,20.0,2.0
2020-03-15,New Zealand,8.0,0.0,0.0
2020-03-15,Nigeria,2.0,0.0,0.0
2020-03-15,North Macedonia,14.0,0.0,1.0
2020-03-15,Norway,1221.0,3.0,1.0
2020-03-15,Oman,22.0,0.0,9.0
2020-03-15,Pakistan,53.0,0.0,2.0
2020-03-15,Panama,43.0,1.0,0.0
2020-03-15,Paraguay,6.0,0.0,0.0
2020-03-15,Peru,43.0,0.0,0.0
2020-03-15,Philippines,140.0,11.0,2.0
2020-03-15,Poland,119.0,3.0,0.0
2020-03-15,Portugal,245.0,0.0,2.0
2020-03-15,Qatar,401.0,0.0,4.0
2020-03-15,Reunion,7.0,0.0,0.0
2020-03-15,Romania,131.0,0.0,9.0
2020-03-15,Russia,63.0,0.0,8.0
2020-03-15,Rwanda,1.0,0.0,0.0
2020-03-15,Saint Lucia,2.0,0.0,0.0
2020-03-15,Saint Vincent and the Grenadines,1.0,0.0,0.0
2020-03-15,San Marino,101.0,5.0,4.0
2020-03-15,Saudi Arabia,103.0,0.0,1.0
2020-03-15,Senegal,24.0,0.0,1.0
2020-03-15,Serbia,48.0,0.0,0.0
2020-03-15,Seychelles,2.0,0.0,0.0
2020-03-15,Singapore,226.0,0.0,105.0
2020-03-15,Slovakia,54.0,0.0,0.0
2020-03-15,Slovenia,219.0,1.0,0.0
2020-03-15,South Africa,51.0,0.0,0.0
2020-03-15,Spain,7798.0,289.0,517.0
2020-03-15,Sri Lanka,18.0,0.0,1.0
2020-03-15,Sudan,1.0,1.0,0.0
2020-03-15,Suriname,1.0,0.0,0.0
2020-03-15,Sweden,1022.0,3.0,1.0
2020-03-15,Switzerland,2200.0,14.0,4.0
2020-03-15,Taiwan*,59.0,1.0,20.0
2020-03-15,Thailand,114.0,1.0,35.0
2020-03-15,Togo,1.0,0.0,0.0
2020-03-15,Trinidad and Tobago,2.0,0.0,0.0
2020-03-15,Tunisia,18.0,0.0,0.0
2020-03-15,Turkey,6.0,0.0,0.0
2020-03-15,US,3499.0,63.0,12.0
2020-03-15,Ukraine,3.0,1.0,0.0
2020-03-15,United Arab Emirates,98.0,0.0,23.0
2020-03-15,United Kingdom,1144.0,21.0,19.0
2020-03-15,Uruguay,4.0,0.0,0.0
2020-03-15,Uzbekistan,1.0,0.0,0.0
2020-03-15,Venezuela,10.0,0.0,0.0
2020-03-15,Vietnam,56.0,0.0,16.0
2020-03-15,occupied Palestinian territory,0.0,0.0,0.0
