country,date,Unnamed: 0,Confirmed,Deaths,Recovered,name,pop2020,PercentOfPopulationConfirmedDecimal,PercentOfPopulationConfirmed,MortalityDecimal,MortalityPercent,active,PercentOfPopulationActiveDecimal,PercentOfPopulationActive,PercentOfPopulationRecoveredDecimal,PercentOfPopulationRecovered,days100
Australia,2020-03-10,1978,107.0,3.0,21.0,Australia,25499.884,4.1960975195024425e-06,0.0004196097519502442,0.02803738317757009,2.803738317757009,86.0,3.3725643614692523e-06,0.0004196097519502442,8.235331580331894e-07,8.235331580331895e-05,1
Australia,2020-03-11,2093,128.0,3.0,21.0,Australia,25499.884,5.019630677535632e-06,0.0005019630677535631,0.0234375,2.34375,107.0,4.1960975195024425e-06,0.0005019630677535631,8.235331580331894e-07,8.235331580331895e-05,2
Australia,2020-03-12,2209,128.0,3.0,21.0,Australia,25499.884,5.019630677535632e-06,0.0005019630677535631,0.0234375,2.34375,107.0,4.1960975195024425e-06,0.0005019630677535631,8.235331580331894e-07,8.235331580331895e-05,3
Australia,2020-03-13,2329,200.0,3.0,23.0,Australia,25499.884,7.843172933649423e-06,0.0007843172933649422,0.015,1.5,177.0,6.94120804627974e-06,0.0007843172933649422,9.019648873696836e-07,9.019648873696838e-05,4
Australia,2020-03-14,2454,250.0,3.0,23.0,Australia,25499.884,9.80396616706178e-06,0.000980396616706178,0.012,1.2,227.0,8.902001279692095e-06,0.000980396616706178,9.019648873696836e-07,9.019648873696838e-05,5
Australia,2020-03-15,2597,297.0,3.0,23.0,Australia,25499.884,1.1647111806469396e-05,0.0011647111806469394,0.010101010101010102,1.0101010101010102,274.0,1.074514691909971e-05,0.0011647111806469394,9.019648873696836e-07,9.019648873696838e-05,6
Austria,2020-03-08,1759,104.0,0.0,0.0,Austria,9006.398000000001,1.1547346675108072e-05,0.0011547346675108072,0.0,0.0,104.0,1.1547346675108072e-05,0.0011547346675108072,0.0,0.0,1
Austria,2020-03-09,1868,131.0,0.0,2.0,Austria,9006.398000000001,1.4545215523453436e-05,0.0014545215523453438,0.0,0.0,129.0,1.4323151164316744e-05,0.0014545215523453438,2.2206435913669373e-07,2.220643591366937e-05,2
Austria,2020-03-10,1979,182.0,0.0,4.0,Austria,9006.398000000001,2.0207856681439127e-05,0.002020785668143913,0.0,0.0,178.0,1.976372796316574e-05,0.002020785668143913,4.4412871827338746e-07,4.441287182733874e-05,3
Austria,2020-03-11,2094,246.0,0.0,4.0,Austria,9006.398000000001,2.731391617381333e-05,0.0027313916173813324,0.0,0.0,242.0,2.6869787455539943e-05,0.0027313916173813324,4.4412871827338746e-07,4.441287182733874e-05,4
Austria,2020-03-12,2210,302.0,1.0,4.0,Austria,9006.398000000001,3.353171822964075e-05,0.003353171822964075,0.0033112582781456954,0.3311258278145696,298.0,3.3087589511367365e-05,0.003353171822964075,4.4412871827338746e-07,4.441287182733874e-05,5
Austria,2020-03-13,2330,504.0,1.0,6.0,Austria,9006.398000000001,5.5960218502446815e-05,0.0055960218502446825,0.001984126984126984,0.1984126984126984,498.0,5.529402542503673e-05,0.0055960218502446825,6.661930774100811e-07,6.661930774100811e-05,6
Austria,2020-03-14,2455,655.0,1.0,6.0,Austria,9006.398000000001,7.27260776172672e-05,0.0072726077617267185,0.0015267175572519086,0.15267175572519084,649.0,7.20598845398571e-05,0.0072726077617267185,6.661930774100811e-07,6.661930774100811e-05,7
Austria,2020-03-15,2598,860.0,1.0,6.0,Austria,9006.398000000001,9.548767442877829e-05,0.00954876744287783,0.0011627906976744186,0.11627906976744184,854.0,9.482148135136822e-05,0.00954876744287783,6.661930774100811e-07,6.661930774100811e-05,8
Bahrain,2020-03-10,1981,110.0,0.0,22.0,Bahrain,1701.575,6.464598974479526e-05,0.006464598974479528,0.0,0.0,88.0,5.171679179583621e-05,0.006464598974479528,1.2929197948959053e-05,0.0012929197948959052,1
Bahrain,2020-03-11,2096,195.0,0.0,35.0,Bahrain,1701.575,0.00011459970909304617,0.011459970909304616,0.0,0.0,160.0,9.403053053788402e-05,0.011459970909304616,2.056917855516213e-05,0.0020569178555162127,2
Bahrain,2020-03-12,2212,195.0,0.0,35.0,Bahrain,1701.575,0.00011459970909304617,0.011459970909304616,0.0,0.0,160.0,9.403053053788402e-05,0.011459970909304616,2.056917855516213e-05,0.0020569178555162127,3
Bahrain,2020-03-13,2332,189.0,0.0,44.0,Bahrain,1701.575,0.00011107356419787548,0.011107356419787549,0.0,0.0,145.0,8.521516829995739e-05,0.011107356419787549,2.5858395897918105e-05,0.0025858395897918104,4
Bahrain,2020-03-14,2457,210.0,0.0,44.0,Bahrain,1701.575,0.00012341507133097274,0.012341507133097276,0.0,0.0,166.0,9.755667543305467e-05,0.012341507133097276,2.5858395897918105e-05,0.0025858395897918104,5
Bahrain,2020-03-15,2600,214.0,0.0,60.0,Bahrain,1701.575,0.00012576583459441987,0.012576583459441987,0.0,0.0,154.0,9.050438564271336e-05,0.012576583459441987,3.5261448951706506e-05,0.003526144895170651,6
Belgium,2020-03-06,1562,109.0,0.0,1.0,Belgium,11589.623,9.404965114050733e-06,0.0009404965114050732,0.0,0.0,108.0,9.318681030435589e-06,0.0009404965114050732,8.628408361514434e-08,8.628408361514435e-06,1
Belgium,2020-03-07,1661,169.0,0.0,1.0,Belgium,11589.623,1.4582010130959396e-05,0.0014582010130959394,0.0,0.0,168.0,1.4495726047344251e-05,0.0014582010130959394,8.628408361514434e-08,8.628408361514435e-06,2
Belgium,2020-03-08,1764,200.0,0.0,1.0,Belgium,11589.623,1.725681672302887e-05,0.001725681672302887,0.0,0.0,199.0,1.7170532639413725e-05,0.001725681672302887,8.628408361514434e-08,8.628408361514435e-06,3
Belgium,2020-03-09,1873,239.0,0.0,1.0,Belgium,11589.623,2.0621895984019496e-05,0.0020621895984019494,0.0,0.0,238.0,2.0535611900404348e-05,0.0020621895984019494,8.628408361514434e-08,8.628408361514435e-06,4
Belgium,2020-03-10,1984,267.0,0.0,1.0,Belgium,11589.623,2.303785032524354e-05,0.002303785032524354,0.0,0.0,266.0,2.29515662416284e-05,0.002303785032524354,8.628408361514434e-08,8.628408361514435e-06,5
Belgium,2020-03-11,2099,314.0,3.0,1.0,Belgium,11589.623,2.7093202255155318e-05,0.0027093202255155323,0.009554140127388536,0.9554140127388536,313.0,2.7006918171540177e-05,0.0027093202255155323,8.628408361514434e-08,8.628408361514435e-06,6
Belgium,2020-03-12,2215,314.0,3.0,1.0,Belgium,11589.623,2.7093202255155318e-05,0.0027093202255155323,0.009554140127388536,0.9554140127388536,313.0,2.7006918171540177e-05,0.0027093202255155323,8.628408361514434e-08,8.628408361514435e-06,7
Belgium,2020-03-13,2335,559.0,3.0,1.0,Belgium,11589.623,4.823280274086568e-05,0.004823280274086569,0.005366726296958855,0.5366726296958855,558.0,4.814651865725054e-05,0.004823280274086569,8.628408361514434e-08,8.628408361514435e-06,8
Belgium,2020-03-14,2460,689.0,4.0,1.0,Belgium,11589.623,5.944973361083445e-05,0.005944973361083445,0.005805515239477504,0.5805515239477503,688.0,5.936344952721931e-05,0.005944973361083445,8.628408361514434e-08,8.628408361514435e-06,9
Belgium,2020-03-15,2603,886.0,4.0,1.0,Belgium,11589.623,7.64476980830179e-05,0.0076447698083017875,0.004514672686230248,0.4514672686230248,885.0,7.636141399940274e-05,0.0076447698083017875,8.628408361514434e-08,8.628408361514435e-06,10
Brazil,2020-03-13,2339,151.0,0.0,0.0,Brazil,212559.417,7.103896036749103e-07,7.103896036749104e-05,0.0,0.0,151.0,7.103896036749103e-07,7.103896036749104e-05,0.0,0.0,1
Brazil,2020-03-14,2464,151.0,0.0,0.0,Brazil,212559.417,7.103896036749103e-07,7.103896036749104e-05,0.0,0.0,151.0,7.103896036749103e-07,7.103896036749104e-05,0.0,0.0,2
Brazil,2020-03-15,2607,162.0,0.0,0.0,Brazil,212559.417,7.621398397042084e-07,7.621398397042085e-05,0.0,0.0,162.0,7.621398397042084e-07,7.621398397042085e-05,0.0,0.0,3
Canada,2020-03-11,2109,108.0,1.0,8.0,Canada,37742.154,2.861521894060418e-06,0.00028615218940604187,0.009259259259259259,0.9259259259259258,100.0,2.6495573093152018e-06,0.00028615218940604187,2.1196458474521612e-07,2.1196458474521614e-05,1
Canada,2020-03-12,2225,117.0,1.0,8.0,Canada,37742.154,3.099982051898787e-06,0.00030999820518987873,0.008547008547008548,0.8547008547008548,109.0,2.8880174671535705e-06,0.00030999820518987873,2.1196458474521612e-07,2.1196458474521614e-05,2
Canada,2020-03-13,2345,193.0,1.0,8.0,Canada,37742.154,5.11364560697834e-06,0.000511364560697834,0.0051813471502590676,0.5181347150259068,185.0,4.9016810222331255e-06,0.000511364560697834,2.1196458474521612e-07,2.1196458474521614e-05,3
Canada,2020-03-14,2470,196.0,1.0,8.0,Canada,37742.154,5.193132326257796e-06,0.0005193132326257796,0.005102040816326529,0.5102040816326531,188.0,4.981167741512581e-06,0.0005193132326257796,2.1196458474521612e-07,2.1196458474521614e-05,4
Canada,2020-03-15,2613,250.0,1.0,8.0,Canada,37742.154,6.6238932732880055e-06,0.0006623893273288006,0.004,0.4,242.0,6.41192868854279e-06,0.0006623893273288006,2.1196458474521612e-07,2.1196458474521614e-05,5
China,2020-03-11,2111,80921.0,3161.0,61644.0,,,,,0.03906278963433472,3.906278963433473,19277.0,,,,,1
China,2020-03-12,2227,80932.0,3172.0,62901.0,,,,,0.03919339692581426,3.9193396925814254,18031.0,,,,,2
China,2020-03-13,2348,80945.0,3180.0,64196.0,,,,,0.039285934894063866,3.9285934894063868,16749.0,,,,,3
China,2020-03-14,2473,80977.0,3193.0,65660.0,,,,,0.039430949528878566,3.9430949528878574,15317.0,,,,,4
China,2020-03-15,2617,81003.0,3203.0,67017.0,,,,,0.039541745367455534,3.954174536745553,13986.0,,,,,5
Cruise Ship,2020-03-11,2117,696.0,7.0,325.0,,,,,0.010057471264367816,1.0057471264367817,371.0,,,,,1
Cruise Ship,2020-03-12,2233,696.0,7.0,325.0,,,,,0.010057471264367816,1.0057471264367817,371.0,,,,,2
Cruise Ship,2020-03-13,2354,696.0,7.0,325.0,,,,,0.010057471264367816,1.0057471264367817,371.0,,,,,3
Cruise Ship,2020-03-14,2479,696.0,7.0,325.0,,,,,0.010057471264367816,1.0057471264367817,371.0,,,,,4
Cruise Ship,2020-03-15,2624,696.0,7.0,325.0,,,,,0.010057471264367816,1.0057471264367817,371.0,,,,,5
Czechia,2020-03-13,2357,141.0,0.0,0.0,,,,,0.0,0.0,141.0,,,,,1
Czechia,2020-03-14,2483,189.0,0.0,0.0,,,,,0.0,0.0,189.0,,,,,2
Czechia,2020-03-15,2628,253.0,0.0,0.0,,,,,0.0,0.0,253.0,,,,,3
Denmark,2020-03-10,2001,262.0,0.0,1.0,Denmark,5792.201999999999,4.523322908973134e-05,0.004523322908973134,0.0,0.0,261.0,4.506058317717511e-05,0.004523322908973134,1.726459125562265e-07,1.7264591255622647e-05,1
Denmark,2020-03-11,2120,444.0,0.0,1.0,Denmark,5792.201999999999,7.665478517496454e-05,0.007665478517496454,0.0,0.0,443.0,7.648213926240833e-05,0.007665478517496454,1.726459125562265e-07,1.7264591255622647e-05,2
Denmark,2020-03-12,2237,617.0,0.0,1.0,Denmark,5792.201999999999,0.00010652252804719173,0.010652252804719172,0.0,0.0,616.0,0.0001063498821346355,0.010652252804719172,1.726459125562265e-07,1.7264591255622647e-05,3
Denmark,2020-03-13,2358,804.0,0.0,1.0,Denmark,5792.201999999999,0.00013880731369520608,0.013880731369520607,0.0,0.0,803.0,0.00013863466778264982,0.013880731369520607,1.726459125562265e-07,1.7264591255622647e-05,4
Denmark,2020-03-14,2484,836.0,1.0,1.0,Denmark,5792.201999999999,0.00014433198289700533,0.01443319828970053,0.0011961722488038275,0.11961722488038275,835.0,0.0001441593369844491,0.01443319828970053,1.726459125562265e-07,1.7264591255622647e-05,5
Denmark,2020-03-15,2629,875.0,2.0,1.0,Denmark,5792.201999999999,0.00015106517348669816,0.015106517348669815,0.002285714285714286,0.2285714285714286,874.0,0.00015089252757414192,0.015106517348669815,1.726459125562265e-07,1.7264591255622647e-05,6
Egypt,2020-03-14,2487,109.0,2.0,27.0,Egypt,102334.40400000001,1.0651354357816946e-06,0.00010651354357816946,0.01834862385321101,1.834862385321101,82.0,8.012945480192566e-07,0.00010651354357816946,2.638408877624381e-07,2.638408877624381e-05,1
Egypt,2020-03-15,2632,110.0,2.0,21.0,Egypt,102334.40400000001,1.074907320513637e-06,0.00010749073205136369,0.01818181818181818,1.818181818181818,89.0,8.696977411428517e-07,0.00010749073205136369,2.0520957937078518e-07,2.0520957937078517e-05,2
Estonia,2020-03-14,2488,115.0,0.0,0.0,Estonia,1326.535,8.669202094177688e-05,0.008669202094177687,0.0,0.0,115.0,8.669202094177688e-05,0.008669202094177687,0.0,0.0,1
Estonia,2020-03-15,2634,171.0,0.0,1.0,Estonia,1326.535,0.00012890726592212041,0.012890726592212041,0.0,0.0,170.0,0.00012815342226175713,0.012890726592212041,7.538436603632774e-07,7.538436603632772e-05,2
Finland,2020-03-13,2364,155.0,0.0,1.0,Finland,5540.72,2.797470364862328e-05,0.002797470364862328,0.0,0.0,154.0,2.7794221689599907e-05,0.002797470364862328,1.8048195902337602e-07,1.8048195902337603e-05,1
Finland,2020-03-14,2491,225.0,0.0,1.0,Finland,5540.72,4.0608440780259604e-05,0.004060844078025961,0.0,0.0,224.0,4.042795882123623e-05,0.004060844078025961,1.8048195902337602e-07,1.8048195902337603e-05,2
Finland,2020-03-15,2637,244.0,0.0,10.0,Finland,5540.72,4.403759800170375e-05,0.004403759800170375,0.0,0.0,234.0,4.223277841146999e-05,0.004403759800170375,1.8048195902337605e-06,0.00018048195902337606,3
France,2020-02-29,1106,100.0,2.0,12.0,France,65273.511,1.5320150313348396e-06,0.00015320150313348396,0.02,2.0,88.0,1.3481732275746592e-06,0.00015320150313348396,1.838418037601808e-07,1.838418037601808e-05,1
France,2020-03-01,1174,130.0,2.0,12.0,France,65273.511,1.991619540735292e-06,0.00019916195407352914,0.015384615384615384,1.5384615384615383,118.0,1.807777736975111e-06,0.00019916195407352914,1.838418037601808e-07,1.838418037601808e-05,2
France,2020-03-02,1243,191.0,3.0,12.0,France,65273.511,2.9261487098495438e-06,0.0002926148709849544,0.015706806282722512,1.5706806282722512,179.0,2.742306906089363e-06,0.0002926148709849544,1.838418037601808e-07,1.838418037601808e-05,3
France,2020-03-03,1320,204.0,4.0,12.0,France,65273.511,3.125310663923073e-06,0.00031253106639230735,0.0196078431372549,1.96078431372549,192.0,2.9414688601628927e-06,0.00031253106639230735,1.838418037601808e-07,1.838418037601808e-05,4
France,2020-03-04,1400,285.0,4.0,12.0,France,65273.511,4.366242839304293e-06,0.0004366242839304293,0.014035087719298246,1.4035087719298245,273.0,4.1824010355441115e-06,0.0004366242839304293,1.838418037601808e-07,1.838418037601808e-05,5
France,2020-03-05,1487,377.0,6.0,12.0,France,65273.511,5.7756966681323445e-06,0.0005775696668132345,0.015915119363395226,1.5915119363395225,365.0,5.591854864372165e-06,0.0005775696668132345,1.838418037601808e-07,1.838418037601808e-05,6
France,2020-03-06,1581,653.0,9.0,12.0,France,65273.511,1.0004058154616505e-05,0.0010004058154616502,0.013782542113323124,1.3782542113323124,641.0,9.820216350856324e-06,0.0010004058154616502,1.838418037601808e-07,1.838418037601808e-05,7
France,2020-03-07,1680,949.0,11.0,12.0,France,65273.511,1.4538822647367628e-05,0.0014538822647367628,0.011591148577449948,1.1591148577449948,937.0,1.4354980843607447e-05,0.0014538822647367628,1.838418037601808e-07,1.838418037601808e-05,8
France,2020-03-08,1784,1126.0,19.0,12.0,France,65273.511,1.7250489252830295e-05,0.0017250489252830295,0.016873889875666074,1.6873889875666075,1114.0,1.7066647449070115e-05,0.0017250489252830295,1.838418037601808e-07,1.838418037601808e-05,9
France,2020-03-09,1895,1209.0,19.0,12.0,France,65273.511,1.852206172883821e-05,0.001852206172883821,0.015715467328370553,1.5715467328370554,1197.0,1.833821992507803e-05,0.001852206172883821,1.838418037601808e-07,1.838418037601808e-05,10
France,2020-03-10,2008,1784.0,33.0,12.0,France,65273.511,2.733114815901354e-05,0.002733114815901354,0.018497757847533637,1.8497757847533636,1772.0,2.714730635525336e-05,0.002733114815901354,1.838418037601808e-07,1.838418037601808e-05,11
France,2020-03-11,2126,2284.0,48.0,12.0,France,65273.511,3.499122331568774e-05,0.0034991223315687736,0.021015761821366025,2.1015761821366024,2272.0,3.480738151192756e-05,0.0034991223315687736,1.838418037601808e-07,1.838418037601808e-05,12
France,2020-03-12,2243,2284.0,48.0,12.0,France,65273.511,3.499122331568774e-05,0.0034991223315687736,0.021015761821366025,2.1015761821366024,2272.0,3.480738151192756e-05,0.0034991223315687736,1.838418037601808e-07,1.838418037601808e-05,13
France,2020-03-13,2365,3667.0,79.0,12.0,France,65273.511,5.617899119904857e-05,0.005617899119904857,0.021543496045814015,2.1543496045814017,3655.0,5.599514939528839e-05,0.005617899119904857,1.838418037601808e-07,1.838418037601808e-05,14
France,2020-03-14,2492,4480.0,91.0,12.0,France,65273.511,6.86342734038008e-05,0.006863427340380081,0.0203125,2.03125,4468.0,6.845043160004063e-05,0.006863427340380081,1.838418037601808e-07,1.838418037601808e-05,15
France,2020-03-15,2638,4513.0,91.0,12.0,France,65273.511,6.913983836414131e-05,0.006913983836414131,0.0201639707511633,2.0163970751163305,4501.0,6.895599656038114e-05,0.006913983836414131,1.838418037601808e-07,1.838418037601808e-05,16
Germany,2020-03-01,1176,130.0,0.0,16.0,Germany,83783.942,1.5516099731855542e-06,0.0001551609973185554,0.0,0.0,114.0,1.360642591870409e-06,0.0001551609973185554,1.9096738131514512e-07,1.909673813151451e-05,1
Germany,2020-03-02,1245,159.0,0.0,16.0,Germany,83783.942,1.8977383518192542e-06,0.00018977383518192545,0.0,0.0,143.0,1.706770970504109e-06,0.00018977383518192545,1.9096738131514512e-07,1.909673813151451e-05,2
Germany,2020-03-03,1322,196.0,0.0,16.0,Germany,83783.942,2.3393504211105273e-06,0.00023393504211105268,0.0,0.0,180.0,2.1483830397953818e-06,0.00023393504211105268,1.9096738131514512e-07,1.909673813151451e-05,3
Germany,2020-03-04,1402,262.0,0.0,16.0,Germany,83783.942,3.1270908690355007e-06,0.00031270908690355016,0.0,0.0,246.0,2.9361234877203565e-06,0.00031270908690355016,1.9096738131514512e-07,1.909673813151451e-05,4
Germany,2020-03-05,1489,482.0,0.0,16.0,Germany,83783.942,5.752892362118746e-06,0.0005752892362118746,0.0,0.0,466.0,5.561924980803601e-06,0.0005752892362118746,1.9096738131514512e-07,1.909673813151451e-05,5
Germany,2020-03-06,1583,670.0,0.0,17.0,Germany,83783.942,7.996759092571701e-06,0.0007996759092571701,0.0,0.0,653.0,7.793856249924359e-06,0.0007996759092571701,2.0290284264734168e-07,2.0290284264734165e-05,6
Germany,2020-03-07,1683,799.0,0.0,18.0,Germany,83783.942,9.536433604425058e-06,0.0009536433604425057,0.0,0.0,781.0,9.32159530044552e-06,0.0009536433604425057,2.1483830397953825e-07,2.1483830397953824e-05,7
Germany,2020-03-08,1787,1040.0,0.0,18.0,Germany,83783.942,1.2412879785484433e-05,0.0012412879785484432,0.0,0.0,1022.0,1.2198041481504893e-05,0.0012412879785484432,2.1483830397953825e-07,2.1483830397953824e-05,8
Germany,2020-03-09,1898,1176.0,2.0,18.0,Germany,83783.942,1.4036102526663165e-05,0.0014036102526663165,0.0017006802721088435,0.17006802721088435,1158.0,1.3821264222683624e-05,0.0014036102526663165,2.1483830397953825e-07,2.1483830397953824e-05,9
Germany,2020-03-10,2011,1457.0,2.0,18.0,Germany,83783.942,1.73899671610104e-05,0.00173899671610104,0.0013726835964310224,0.13726835964310227,1439.0,1.717512885703086e-05,0.00173899671610104,2.1483830397953825e-07,2.1483830397953824e-05,10
Germany,2020-03-11,2129,1908.0,3.0,25.0,Germany,83783.942,2.2772860221831048e-05,0.002277286022183105,0.0015723270440251573,0.15723270440251574,1883.0,2.2474473688526136e-05,0.002277286022183105,2.983865333049142e-07,2.983865333049142e-05,11
Germany,2020-03-12,2246,2078.0,3.0,25.0,Germany,83783.942,2.480188864830447e-05,0.0024801888648304468,0.0014436958614051972,0.14436958614051973,2053.0,2.4503502114999555e-05,0.0024801888648304468,2.983865333049142e-07,2.983865333049142e-05,12
Germany,2020-03-13,2368,3675.0,7.0,46.0,Germany,83783.942,4.386282039582239e-05,0.004386282039582239,0.0019047619047619048,0.19047619047619047,3629.0,4.331378917454135e-05,0.004386282039582239,5.490312212810422e-07,5.490312212810422e-05,13
Germany,2020-03-14,2496,4585.0,9.0,46.0,Germany,83783.942,5.472409020812127e-05,0.005472409020812127,0.001962922573609597,0.19629225736095968,4539.0,5.417505898684022e-05,0.005472409020812127,5.490312212810422e-07,5.490312212810422e-05,14
Germany,2020-03-15,2641,5795.0,11.0,46.0,Germany,83783.942,6.916599842007911e-05,0.006916599842007911,0.0018981880931837794,0.1898188093183779,5749.0,6.861696719879807e-05,0.006916599842007911,5.490312212810422e-07,5.490312212810422e-05,15
Greece,2020-03-13,2369,190.0,1.0,0.0,Greece,10423.054,1.8228822377779104e-05,0.0018228822377779105,0.005263157894736842,0.5263157894736842,190.0,1.8228822377779104e-05,0.0018228822377779105,0.0,0.0,1
Greece,2020-03-14,2498,228.0,3.0,8.0,Greece,10423.054,2.1874586853334924e-05,0.0021874586853334924,0.013157894736842105,1.3157894736842104,220.0,2.1107057490060014e-05,0.0021874586853334924,7.675293632749097e-07,7.675293632749095e-05,2
Greece,2020-03-15,2643,331.0,4.0,8.0,Greece,10423.054,3.1756527405499385e-05,0.003175652740549939,0.012084592145015106,1.2084592145015105,323.0,3.098899804222448e-05,0.003175652740549939,7.675293632749097e-07,7.675293632749095e-05,3
Hong Kong,2020-03-02,1247,100.0,2.0,36.0,Hong Kong,7496.981,1.333870260575557e-05,0.001333870260575557,0.02,2.0,64.0,8.536769667683563e-06,0.001333870260575557,4.801932938072005e-06,0.0004801932938072005,1
Hong Kong,2020-03-03,1324,100.0,2.0,37.0,Hong Kong,7496.981,1.333870260575557e-05,0.001333870260575557,0.02,2.0,63.0,8.40338264162601e-06,0.001333870260575557,4.935319964129561e-06,0.0004935319964129561,2
Hong Kong,2020-03-04,1405,105.0,2.0,37.0,Hong Kong,7496.981,1.4005637736043347e-05,0.0014005637736043347,0.01904761904761905,1.9047619047619049,68.0,9.070317771913788e-06,0.0014005637736043347,4.935319964129561e-06,0.0004935319964129561,3
Hong Kong,2020-03-05,1492,105.0,2.0,43.0,Hong Kong,7496.981,1.4005637736043347e-05,0.0014005637736043347,0.01904761904761905,1.9047619047619049,62.0,8.269995615568452e-06,0.0014005637736043347,5.735642120474895e-06,0.0005735642120474894,4
Hong Kong,2020-03-06,1586,107.0,2.0,46.0,Hong Kong,7496.981,1.427241178815846e-05,0.0014272411788158461,0.018691588785046728,1.8691588785046729,61.0,8.136608589510897e-06,0.0014272411788158461,6.135803198647562e-06,0.0006135803198647563,5
Hong Kong,2020-03-07,1686,108.0,2.0,51.0,Hong Kong,7496.981,1.4405798814216016e-05,0.0014405798814216015,0.018518518518518517,1.851851851851852,57.0,7.603060485280674e-06,0.0014405798814216015,6.802738328935341e-06,0.0006802738328935341,6
Hong Kong,2020-03-08,1790,114.0,3.0,58.0,Hong Kong,7496.981,1.5206120970561349e-05,0.001520612097056135,0.02631578947368421,2.631578947368421,56.0,7.46967345922312e-06,0.001520612097056135,7.736447511338233e-06,0.0007736447511338232,7
Hong Kong,2020-03-09,1901,115.0,3.0,59.0,Hong Kong,7496.981,1.5339507996618905e-05,0.0015339507996618904,0.026086956521739132,2.608695652173913,56.0,7.46967345922312e-06,0.0015339507996618904,7.869834537395786e-06,0.0007869834537395786,8
Hong Kong SAR,2020-03-10,2015,120.0,3.0,65.0,,,,,0.025,2.5,55.0,,,,,1
Iceland,2020-03-12,2252,103.0,0.0,1.0,Iceland,341.24300000000005,0.00030183769337393,0.030183769337392998,0.0,0.0,102.0,0.0002989072303314647,0.030183769337392998,2.93046304246534e-06,0.00029304630424653404,1
Iceland,2020-03-13,2376,134.0,0.0,1.0,Iceland,341.24300000000005,0.0003926820476903556,0.039268204769035565,0.0,0.0,133.0,0.0003897515846478902,0.039268204769035565,2.93046304246534e-06,0.00029304630424653404,2
Iceland,2020-03-14,2507,156.0,0.0,1.0,Iceland,341.24300000000005,0.000457152234624593,0.045715223462459306,0.0,0.0,155.0,0.0004542217715821277,0.045715223462459306,2.93046304246534e-06,0.00029304630424653404,3
Iceland,2020-03-15,2652,171.0,5.0,8.0,Iceland,341.24300000000005,0.0005011091802615732,0.05011091802615732,0.029239766081871343,2.9239766081871337,163.0,0.0004776654759218504,0.05011091802615732,2.344370433972272e-05,0.0023443704339722727,4
India,2020-03-14,2508,102.0,2.0,4.0,India,1380004.385,7.391280861763349e-08,7.391280861763348e-06,0.0196078431372549,1.96078431372549,98.0,7.101426710321648e-08,7.391280861763348e-06,2.8985415144169994e-09,2.898541514417e-07,1
India,2020-03-15,2653,113.0,2.0,13.0,India,1380004.385,8.188379778228023e-08,8.188379778228024e-06,0.017699115044247787,1.7699115044247788,100.0,7.246353786042497e-08,8.188379778228024e-06,9.420259921855248e-09,9.420259921855248e-07,2
Indonesia,2020-03-15,2654,117.0,5.0,8.0,Indonesia,273523.615,4.2775100058545216e-07,4.277510005854522e-05,0.042735042735042736,4.2735042735042725,109.0,3.9850306892148967e-07,4.277510005854522e-05,2.9247931663962545e-08,2.9247931663962542e-06,1
Iran,2020-02-26,946,139.0,19.0,49.0,Iran,83992.94900000001,1.6549008179246094e-06,0.00016549008179246095,0.1366906474820144,13.66906474820144,90.0,1.0715185152029844e-06,0.00016549008179246095,5.833823027216249e-07,5.8338230272162486e-05,1
Iran,2020-02-27,997,245.0,26.0,49.0,Iran,83992.94900000001,2.9169115136081245e-06,0.0002916911513608125,0.10612244897959183,10.612244897959183,196.0,2.3335292108865e-06,0.0002916911513608125,5.833823027216249e-07,5.8338230272162486e-05,2
Iran,2020-02-28,1053,388.0,34.0,73.0,Iran,83992.94900000001,4.6194353766528665e-06,0.00046194353766528673,0.08762886597938144,8.762886597938143,315.0,3.7503148032104453e-06,0.00046194353766528673,8.691205734424206e-07,8.691205734424208e-05,3
Iran,2020-02-29,1113,593.0,43.0,123.0,Iran,83992.94900000001,7.0601164390596646e-06,0.0007060116439059664,0.07251264755480608,7.251264755480608,470.0,5.595707801615586e-06,0.0007060116439059664,1.4644086374440788e-06,0.00014644086374440788,4
Iran,2020-03-01,1181,978.0,54.0,175.0,Iran,83992.94900000001,1.1643834531872431e-05,0.0011643834531872431,0.05521472392638037,5.521472392638037,803.0,9.560326307866627e-06,0.0011643834531872431,2.0835082240058037e-06,0.00020835082240058038,5
Iran,2020-03-02,1251,1501.0,66.0,291.0,Iran,83992.94900000001,1.7870547681329775e-05,0.0017870547681329773,0.043970686209193866,4.397068620919387,1210.0,1.4405971148840124e-05,0.0017870547681329773,3.4645765324896492e-06,0.00034645765324896495,6
Iran,2020-03-03,1328,2336.0,77.0,291.0,Iran,83992.94900000001,2.7811858350157463e-05,0.0027811858350157465,0.03296232876712329,3.296232876712329,2045.0,2.434728181766781e-05,0.0027811858350157465,3.4645765324896492e-06,0.00034645765324896495,7
Iran,2020-03-04,1410,2922.0,92.0,552.0,Iran,83992.94900000001,3.478863446025689e-05,0.003478863446025689,0.03148528405201916,3.148528405201916,2370.0,2.821665423367859e-05,0.003478863446025689,6.571980226578305e-06,0.0006571980226578305,8
Iran,2020-03-05,1497,3513.0,107.0,739.0,Iran,83992.94900000001,4.1824939376756494e-05,0.00418249393767565,0.030458297751209788,3.0458297751209797,2774.0,3.302658179081199e-05,0.00418249393767565,8.798357585944505e-06,0.0008798357585944506,9
Iran,2020-03-06,1591,4747.0,124.0,913.0,Iran,83992.94900000001,5.651664879631742e-05,0.0056516648796317405,0.02612176111228144,2.6121761112281443,3834.0,4.5646688747647134e-05,0.0056516648796317405,1.0869960048670276e-05,0.0010869960048670276,10
Iran,2020-03-07,1691,5823.0,145.0,1669.0,Iran,83992.94900000001,6.932724793363309e-05,0.006932724793363309,0.024901253649321657,2.4901253649321657,4154.0,4.945653235725775e-05,0.006932724793363309,1.9870715576375346e-05,0.001987071557637534,11
Iran,2020-03-08,1795,6566.0,194.0,2134.0,Iran,83992.94900000001,7.817322856469774e-05,0.007817322856469773,0.02954614681693573,2.954614681693573,4432.0,5.276633399310697e-05,0.007817322856469773,2.5406894571590765e-05,0.0025406894571590767,12
Iran,2020-03-09,1906,7161.0,237.0,2394.0,Iran,83992.94900000001,8.525715652631746e-05,0.008525715652631747,0.03309593632174277,3.3095936321742765,4767.0,5.675476402191808e-05,0.008525715652631747,2.850239250439939e-05,0.0028502392504399393,13
Iran,2020-03-11,2137,9000.0,354.0,2959.0,Iran,83992.94900000001,0.00010715185152029844,0.010715185152029846,0.03933333333333333,3.933333333333333,6041.0,7.192270389268033e-05,0.010715185152029846,3.522914762761812e-05,0.0035229147627618123,15
Iran,2020-03-12,2255,10075.0,429.0,2959.0,Iran,83992.94900000001,0.00011995054489633408,0.01199505448963341,0.04258064516129032,4.258064516129032,7116.0,8.472139726871596e-05,0.01199505448963341,3.522914762761812e-05,0.0035229147627618123,16
Iran,2020-03-13,2379,11364.0,514.0,2959.0,Iran,83992.94900000001,0.00013529707118629686,0.013529707118629684,0.04523055262231609,4.523055262231608,8405.0,0.00010006792355867873,0.013529707118629684,3.522914762761812e-05,0.0035229147627618123,17
Iran,2020-03-14,2510,12729.0,611.0,2959.0,Iran,83992.94900000001,0.0001515484353335421,0.015154843533354213,0.048000628486134025,4.800062848613402,9770.0,0.00011631928770592398,0.015154843533354213,3.522914762761812e-05,0.0035229147627618123,18
Iran,2020-03-15,2655,13938.0,724.0,4590.0,Iran,83992.94900000001,0.0001659425007211022,0.01659425007211022,0.05194432486726933,5.194432486726933,9348.0,0.00011129505644574998,0.01659425007211022,5.464744427535221e-05,0.005464744427535221,19
Iran (Islamic Republic of),2020-03-10,2020,8042.0,291.0,2731.0,,,,,0.03618502859985078,3.618502859985078,5311.0,,,,,1
Iraq,2020-03-13,2380,101.0,9.0,24.0,Iraq,40222.492999999995,2.5110328193729807e-06,0.0002511032819372981,0.0891089108910891,8.91089108910891,77.0,1.9143517533833617e-06,0.0002511032819372981,5.966810659896193e-07,5.966810659896193e-05,1
Iraq,2020-03-14,2511,110.0,10.0,26.0,Iraq,40222.492999999995,2.7347882191190884e-06,0.00027347882191190877,0.09090909090909093,9.090909090909092,84.0,2.0883837309636675e-06,0.00027347882191190877,6.46404488155421e-07,6.464044881554208e-05,2
Iraq,2020-03-15,2656,116.0,10.0,26.0,Iraq,40222.492999999995,2.8839584856164934e-06,0.0002883958485616493,0.08620689655172414,8.620689655172415,90.0,2.2375539974610725e-06,0.0002883958485616493,6.46404488155421e-07,6.464044881554208e-05,3
Ireland,2020-03-14,2512,129.0,2.0,0.0,Ireland,4937.786,2.612506900866097e-05,0.0026125069008660967,0.015503875968992246,1.5503875968992251,129.0,2.612506900866097e-05,0.0026125069008660967,0.0,0.0,1
Ireland,2020-03-15,2657,129.0,2.0,0.0,Ireland,4937.786,2.612506900866097e-05,0.0026125069008660967,0.015503875968992246,1.5503875968992251,129.0,2.612506900866097e-05,0.0026125069008660967,0.0,0.0,2
Israel,2020-03-11,2140,109.0,0.0,4.0,Israel,8655.535,1.2593097942530415e-05,0.0012593097942530415,0.0,0.0,105.0,1.2130965907942145e-05,0.0012593097942530415,4.621320345882722e-07,4.621320345882722e-05,1
Israel,2020-03-12,2258,131.0,0.0,4.0,Israel,8655.535,1.5134824132765911e-05,0.0015134824132765914,0.0,0.0,127.0,1.467269209817764e-05,0.0015134824132765914,4.621320345882722e-07,4.621320345882722e-05,2
Israel,2020-03-13,2382,161.0,0.0,4.0,Israel,8655.535,1.8600814392177954e-05,0.0018600814392177954,0.0,0.0,157.0,1.813868235758968e-05,0.0018600814392177954,4.621320345882722e-07,4.621320345882722e-05,3
Israel,2020-03-14,2513,193.0,0.0,4.0,Israel,8655.535,2.229787066888413e-05,0.0022297870668884128,0.0,0.0,189.0,2.1835738634295854e-05,0.0022297870668884128,4.621320345882722e-07,4.621320345882722e-05,4
Israel,2020-03-15,2658,251.0,0.0,4.0,Israel,8655.535,2.899878517041408e-05,0.0028998785170414078,0.0,0.0,247.0,2.8536653135825804e-05,0.0028998785170414078,4.621320345882722e-07,4.621320345882722e-05,5
Italy,2020-02-23,827,155.0,3.0,2.0,Italy,60461.825999999994,2.563601039770119e-06,0.0002563601039770119,0.01935483870967742,1.935483870967742,153.0,2.530522316676311e-06,0.0002563601039770119,3.307872309380798e-08,3.307872309380798e-06,1
Italy,2020-02-24,863,229.0,7.0,1.0,Italy,60461.825999999994,3.787513794241014e-06,0.00037875137942410144,0.03056768558951965,3.056768558951965,228.0,3.77097443269411e-06,0.00037875137942410144,1.653936154690399e-08,1.653936154690399e-06,2
Italy,2020-02-25,904,322.0,10.0,1.0,Italy,60461.825999999994,5.3256744181030854e-06,0.0005325674418103086,0.031055900621118005,3.1055900621118013,321.0,5.309135056556181e-06,0.0005325674418103086,1.653936154690399e-08,1.653936154690399e-06,3
Italy,2020-02-26,949,453.0,12.0,3.0,Italy,60461.825999999994,7.492330780747508e-06,0.0007492330780747507,0.026490066225165563,2.6490066225165565,450.0,7.4427126961067975e-06,0.0007492330780747507,4.9618084640711975e-08,4.961808464071196e-06,4
Italy,2020-02-27,1000,655.0,17.0,45.0,Italy,60461.825999999994,1.0833281813222112e-05,0.0010833281813222113,0.025954198473282442,2.595419847328244,610.0,1.0089010543611436e-05,0.0010833281813222113,7.442712696106795e-07,7.442712696106796e-05,5
Italy,2020-02-28,1056,888.0,21.0,46.0,Italy,60461.825999999994,1.4686953053650745e-05,0.0014686953053650745,0.02364864864864865,2.3648648648648654,842.0,1.3926142422493162e-05,0.0014686953053650745,7.608106311575836e-07,7.608106311575838e-05,6
Italy,2020-02-29,1117,1128.0,29.0,46.0,Italy,60461.825999999994,1.8656399824907698e-05,0.0018656399824907703,0.025709219858156027,2.5709219858156027,1082.0,1.7895589193750118e-05,0.0018656399824907703,7.608106311575836e-07,7.608106311575838e-05,7
Italy,2020-03-01,1185,1694.0,34.0,83.0,Italy,60461.825999999994,2.8017678460455358e-05,0.0028017678460455363,0.020070838252656438,2.007083825265644,1611.0,2.664491145206233e-05,0.0028017678460455363,1.3727670083930313e-06,0.00013727670083930313,8
Italy,2020-03-02,1255,2036.0,52.0,149.0,Italy,60461.825999999994,3.3674140109496525e-05,0.003367414010949653,0.025540275049115914,2.5540275049115917,1887.0,3.1209775239007834e-05,0.003367414010949653,2.4643648704886947e-06,0.0002464364870488695,9
Italy,2020-03-03,1332,2502.0,79.0,160.0,Italy,60461.825999999994,4.138148259035379e-05,0.004138148259035378,0.03157474020783373,3.1574740207833734,2342.0,3.8735184742849146e-05,0.004138148259035378,2.6462978475046393e-06,0.00026462978475046394,10
Italy,2020-03-04,1414,3089.0,107.0,276.0,Italy,60461.825999999994,5.1090087818386434e-05,0.005109008781838643,0.03463904176108773,3.4639041761087728,2813.0,4.652522403144093e-05,0.005109008781838643,4.564863786945502e-06,0.0004564863786945502,11
Italy,2020-03-05,1501,3858.0,148.0,414.0,Italy,60461.825999999994,6.380885684795561e-05,0.00638088568479556,0.0383618455158113,3.8361845515811295,3444.0,5.696156116753735e-05,0.00638088568479556,6.847295680418252e-06,0.0006847295680418253,12
Italy,2020-03-06,1595,4636.0,197.0,523.0,Italy,60461.825999999994,7.667648013144691e-05,0.00766764801314469,0.04249352890422778,4.249352890422778,4113.0,6.802639404241613e-05,0.00766764801314469,8.650086089030788e-06,0.0008650086089030787,13
Italy,2020-03-07,1695,5883.0,233.0,589.0,Italy,60461.825999999994,9.730106398043618e-05,0.00973010639804362,0.03960564337922829,3.960564337922828,5294.0,8.755938002930973e-05,0.00973010639804362,9.741683951126453e-06,0.0009741683951126453,14
Italy,2020-03-08,1799,7375.0,366.0,622.0,Italy,60461.825999999994,0.00012197779140841694,0.012197779140841691,0.0496271186440678,4.96271186440678,6753.0,0.00011169030852624265,0.012197779140841691,1.0287482882174284e-05,0.0010287482882174283,15
Italy,2020-03-09,1910,9172.0,463.0,724.0,Italy,60461.825999999994,0.00015169902410820343,0.01516990241082034,0.0504797208896642,5.04797208896642,8448.0,0.00013972452634824492,0.01516990241082034,1.1974497759958493e-05,0.0011974497759958491,16
Italy,2020-03-10,2024,10149.0,631.0,724.0,Italy,60461.825999999994,0.00016785798033952862,0.016785798033952862,0.0621736131638585,6.217361316385849,9425.0,0.0001558834825795701,0.016785798033952862,1.1974497759958493e-05,0.0011974497759958491,17
Italy,2020-03-11,2141,12462.0,827.0,1045.0,Italy,60461.825999999994,0.00020611352359751757,0.02061135235975176,0.06636173968865351,6.636173968865352,11417.0,0.0001888298907810029,0.02061135235975176,1.728363281651467e-05,0.001728363281651467,18
Italy,2020-03-12,2259,12462.0,827.0,1045.0,Italy,60461.825999999994,0.00020611352359751757,0.02061135235975176,0.06636173968865351,6.636173968865352,11417.0,0.0001888298907810029,0.02061135235975176,1.728363281651467e-05,0.001728363281651467,19
Italy,2020-03-13,2383,17660.0,1266.0,1439.0,Italy,60461.825999999994,0.0002920851249183245,0.02920851249183245,0.07168742921857305,7.168742921857303,16221.0,0.0002682849836523297,0.02920851249183245,2.380014126599485e-05,0.0023800141265994845,20
Italy,2020-03-14,2514,21157.0,1441.0,1966.0,Italy,60461.825999999994,0.0003499232722478478,0.034992327224784785,0.06810984544122513,6.810984544122513,19191.0,0.0003174068874466345,0.034992327224784785,3.251638480121325e-05,0.003251638480121325,21
Italy,2020-03-15,2659,24747.0,1809.0,2335.0,Italy,60461.825999999994,0.0004092995802012331,0.040929958020123315,0.0730997696690508,7.3099769669050785,22412.0,0.0003706801709892123,0.040929958020123315,3.861940921202082e-05,0.003861940921202082,22
Japan,2020-02-21,761,105.0,1.0,22.0,Japan,126476.461,8.301940074050617e-07,8.301940074050617e-05,0.009523809523809523,0.9523809523809524,83.0,6.562485963297155e-07,8.301940074050617e-05,1.7394541107534628e-07,1.7394541107534627e-05,1
Japan,2020-02-22,794,122.0,1.0,22.0,Japan,126476.461,9.646063705087384e-07,9.646063705087384e-05,0.008196721311475409,0.819672131147541,100.0,7.906609594333921e-07,9.646063705087384e-05,1.7394541107534628e-07,1.7394541107534627e-05,2
Japan,2020-02-23,828,147.0,1.0,22.0,Japan,126476.461,1.1622716103670865e-06,0.00011622716103670864,0.006802721088435374,0.6802721088435374,125.0,9.883261992917402e-07,0.00011622716103670864,1.7394541107534628e-07,1.7394541107534627e-05,3
Japan,2020-02-24,864,159.0,1.0,22.0,Japan,126476.461,1.2571509254990934e-06,0.00012571509254990934,0.006289308176100629,0.628930817610063,137.0,1.0832055144237472e-06,0.00012571509254990934,1.7394541107534628e-07,1.7394541107534627e-05,4
Japan,2020-02-25,905,170.0,1.0,22.0,Japan,126476.461,1.3441236310367666e-06,0.0001344123631036767,0.005882352941176471,0.5882352941176471,148.0,1.1701782199614204e-06,0.0001344123631036767,1.7394541107534628e-07,1.7394541107534627e-05,5
Japan,2020-02-26,950,189.0,2.0,22.0,Japan,126476.461,1.4943492133291112e-06,0.00014943492133291108,0.01058201058201058,1.058201058201058,167.0,1.3204038022537648e-06,0.00014943492133291108,1.7394541107534628e-07,1.7394541107534627e-05,6
Japan,2020-02-27,1001,214.0,4.0,22.0,Japan,126476.461,1.692014453187459e-06,0.00016920144531874592,0.018691588785046728,1.8691588785046729,192.0,1.5180690421121131e-06,0.00016920144531874592,1.7394541107534628e-07,1.7394541107534627e-05,7
Japan,2020-02-28,1057,228.0,4.0,22.0,Japan,126476.461,1.8027069875081342e-06,0.0001802706987508134,0.017543859649122806,1.7543859649122806,206.0,1.6287615764327878e-06,0.0001802706987508134,1.7394541107534628e-07,1.7394541107534627e-05,8
Japan,2020-02-29,1118,241.0,5.0,32.0,Japan,126476.461,1.905492912234475e-06,0.00019054929122344752,0.020746887966804982,2.0746887966804977,209.0,1.6524814052157895e-06,0.00019054929122344752,2.530115070186855e-07,2.530115070186855e-05,9
Japan,2020-03-01,1186,256.0,6.0,32.0,Japan,126476.461,2.024092056149484e-06,0.0002024092056149484,0.0234375,2.34375,224.0,1.7710805491307983e-06,0.0002024092056149484,2.530115070186855e-07,2.530115070186855e-05,10
Japan,2020-03-02,1256,274.0,6.0,32.0,Japan,126476.461,2.1664110288474945e-06,0.00021664110288474944,0.021897810218978103,2.18978102189781,242.0,1.913399521828809e-06,0.00021664110288474944,2.530115070186855e-07,2.530115070186855e-05,11
Japan,2020-03-03,1333,293.0,6.0,43.0,Japan,126476.461,2.3166366111398387e-06,0.00023166366111398388,0.020477815699658702,2.04778156996587,250.0,1.9766523985834803e-06,0.00023166366111398388,3.399842125563586e-07,3.399842125563586e-05,12
Japan,2020-03-04,1415,331.0,6.0,43.0,Japan,126476.461,2.617087775724528e-06,0.0002617087775724528,0.01812688821752266,1.812688821752266,288.0,2.277103563168169e-06,0.0002617087775724528,3.399842125563586e-07,3.399842125563586e-05,13
Japan,2020-03-05,1502,360.0,6.0,43.0,Japan,126476.461,2.846379453960212e-06,0.00028463794539602114,0.016666666666666666,1.6666666666666667,317.0,2.5063952414038533e-06,0.00028463794539602114,3.399842125563586e-07,3.399842125563586e-05,14
Japan,2020-03-06,1596,420.0,6.0,46.0,Japan,126476.461,3.320776029620247e-06,0.00033207760296202467,0.014285714285714284,1.4285714285714286,374.0,2.957071988280886e-06,0.00033207760296202467,3.6370404133936036e-07,3.637040413393604e-05,15
Japan,2020-03-07,1696,461.0,6.0,76.0,Japan,126476.461,3.644947022987937e-06,0.00036449470229879376,0.013015184381778741,1.3015184381778742,385.0,3.04404469381856e-06,0.00036449470229879376,6.00902329169378e-07,6.0090232916937794e-05,16
Japan,2020-03-08,1800,502.0,6.0,76.0,Japan,126476.461,3.969118016355629e-06,0.0003969118016355629,0.011952191235059759,1.195219123505976,426.0,3.3682156871862507e-06,0.0003969118016355629,6.00902329169378e-07,6.0090232916937794e-05,17
Japan,2020-03-09,1911,511.0,17.0,76.0,Japan,126476.461,4.040277502704634e-06,0.0004040277502704634,0.033268101761252444,3.3268101761252438,435.0,3.4393751735352563e-06,0.0004040277502704634,6.00902329169378e-07,6.0090232916937794e-05,18
Japan,2020-03-10,2025,581.0,10.0,101.0,Japan,126476.461,4.5937401743080074e-06,0.0004593740174308008,0.01721170395869191,1.7211703958691909,480.0,3.7951726052802817e-06,0.0004593740174308008,7.98567569027726e-07,7.98567569027726e-05,19
Japan,2020-03-11,2143,639.0,15.0,118.0,Japan,126476.461,5.0523235307793765e-06,0.0005052323530779375,0.023474178403755867,2.3474178403755865,521.0,4.119343598647973e-06,0.0005052323530779375,9.329799321314028e-07,9.329799321314028e-05,20
Japan,2020-03-12,2261,639.0,16.0,118.0,Japan,126476.461,5.0523235307793765e-06,0.0005052323530779375,0.025039123630672927,2.503912363067293,521.0,4.119343598647973e-06,0.0005052323530779375,9.329799321314028e-07,9.329799321314028e-05,21
Japan,2020-03-13,2385,701.0,19.0,118.0,Japan,126476.461,5.542533325628079e-06,0.0005542533325628079,0.02710413694721826,2.7104136947218262,583.0,4.609553393496676e-06,0.0005542533325628079,9.329799321314028e-07,9.329799321314028e-05,22
Japan,2020-03-14,2516,773.0,22.0,118.0,Japan,126476.461,6.111809216420121e-06,0.0006111809216420121,0.028460543337645538,2.846054333764554,655.0,5.178829284288718e-06,0.0006111809216420121,9.329799321314028e-07,9.329799321314028e-05,23
Japan,2020-03-15,2661,839.0,22.0,118.0,Japan,126476.461,6.63364544964616e-06,0.000663364544964616,0.026221692491060787,2.622169249106079,721.0,5.700665517514758e-06,0.000663364544964616,9.329799321314028e-07,9.329799321314028e-05,24
"Korea, South",2020-03-11,2145,7755.0,60.0,288.0,,,,,0.007736943907156673,0.7736943907156674,7467.0,,,,,1
"Korea, South",2020-03-12,2263,7869.0,66.0,333.0,,,,,0.008387342737323675,0.8387342737323675,7536.0,,,,,2
"Korea, South",2020-03-13,2389,7979.0,66.0,510.0,,,,,0.008271713247274095,0.8271713247274095,7469.0,,,,,3
"Korea, South",2020-03-14,2521,8086.0,72.0,510.0,,,,,0.008904279000742024,0.8904279000742024,7576.0,,,,,4
"Korea, South",2020-03-15,2666,8162.0,75.0,510.0,,,,,0.009188924283263906,0.9188924283263906,7652.0,,,,,5
Kuwait,2020-03-14,2522,104.0,0.0,5.0,Kuwait,4270.571,2.435271536288707e-05,0.002435271536288707,0.0,0.0,99.0,2.318191173967135e-05,0.002435271536288707,1.1708036232157245e-06,0.00011708036232157244,1
Kuwait,2020-03-15,2668,112.0,0.0,5.0,Kuwait,4270.571,2.622600116003223e-05,0.002622600116003223,0.0,0.0,107.0,2.5055197536816504e-05,0.002622600116003223,1.1708036232157245e-06,0.00011708036232157244,2
Lebanon,2020-03-15,2670,110.0,3.0,1.0,Lebanon,6825.445,1.6116165319623845e-05,0.001611616531962385,0.027272727272727268,2.727272727272727,109.0,1.5969654725809086e-05,0.001611616531962385,1.4651059381476222e-07,1.4651059381476223e-05,1
Mainland China,2020-01-22,3,547.0,17.0,28.0,Mainland China,1439323.7759999998,3.8003957769679753e-07,3.800395776967975e-05,0.03107861060329068,3.107861060329068,519.0,3.6058599785125754e-07,3.800395776967975e-05,1.945357984553991e-08,1.945357984553991e-06,1
Mainland China,2020-01-23,14,639.0,18.0,30.0,Mainland China,1439323.7759999998,4.439584829035715e-07,4.4395848290357145e-05,0.028169014084507043,2.8169014084507045,609.0,4.2311536164049307e-07,4.4395848290357145e-05,2.084312126307848e-08,2.084312126307848e-06,2
Mainland China,2020-01-24,28,916.0,26.0,36.0,Mainland China,1439323.7759999998,6.364099692326628e-07,6.364099692326629e-05,0.02838427947598253,2.838427947598253,880.0,6.113982237169686e-07,6.364099692326629e-05,2.501174551569417e-08,2.5011745515694166e-06,3
Mainland China,2020-01-25,40,1399.0,42.0,39.0,Mainland China,1439323.7759999998,9.71984221568226e-07,9.719842215682262e-05,0.030021443888491782,3.0021443888491777,1360.0,9.448881639262242e-07,9.719842215682262e-05,2.7096057642002016e-08,2.7096057642002013e-06,4
Mainland China,2020-01-26,55,2062.0,56.0,49.0,Mainland China,1439323.7759999998,1.4326172014822604e-06,0.00014326172014822604,0.02715809893307469,2.7158098933074686,2013.0,1.3985734367525655e-06,0.00014326172014822604,3.4043764729694844e-08,3.4043764729694844e-06,5
Mainland China,2020-01-27,72,2863.0,82.0,58.0,Mainland China,1439323.7759999998,1.989128539206456e-06,0.0001989128539206456,0.02864128536500175,2.8641285365001745,2805.0,1.948831838097837e-06,0.0001989128539206456,4.0296701108618384e-08,4.029670110861838e-06,6
Mainland China,2020-01-28,90,5494.0,131.0,101.0,Mainland China,1439323.7759999998,3.817070273978438e-06,0.00038170702739784377,0.02384419366581725,2.3844193665817257,5393.0,3.7468984323927407e-06,0.00038170702739784377,7.017184158569753e-08,7.017184158569752e-06,7
Mainland China,2020-01-29,109,6070.0,133.0,120.0,Mainland China,1439323.7759999998,4.217258202229545e-06,0.0004217258202229545,0.02191103789126853,2.191103789126853,5950.0,4.133885717177232e-06,0.0004217258202229545,8.33724850523139e-08,8.33724850523139e-06,8
Mainland China,2020-01-30,130,8124.0,171.0,135.0,Mainland China,1439323.7759999998,5.6443172380416515e-06,0.000564431723804165,0.02104874446085672,2.1048744460856716,7989.0,5.550523192357798e-06,0.000564431723804165,9.379404568385315e-08,9.379404568385313e-06,9
Mainland China,2020-01-31,153,9783.0,213.0,214.0,Mainland China,1439323.7759999998,6.796941843889891e-06,0.0006796941843889892,0.02177246243483594,2.177246243483594,9569.0,6.6482609122132634e-06,0.0006796941843889892,1.4868093167662646e-07,1.4868093167662647e-05,10
Mainland China,2020-02-01,179,11871.0,259.0,275.0,Mainland China,1439323.7759999998,8.247623083800153e-06,0.0008247623083800153,0.021817875494903542,2.1817875494903545,11596.0,8.0565611388886e-06,0.0008247623083800153,1.910619449115527e-07,1.910619449115527e-05,11
Mainland China,2020-02-02,206,16607.0,361.0,463.0,Mainland China,1439323.7759999998,1.1538057160531474e-05,0.0011538057160531475,0.0217378214006142,2.17378214006142,16144.0,1.1216378322371297e-05,0.0011538057160531475,3.216788381601778e-07,3.216788381601778e-05,12
Mainland China,2020-02-03,233,19693.0,425.0,614.0,Mainland China,1439323.7759999998,1.368211956779348e-05,0.001368211956779348,0.0215812725333875,2.15812725333875,19079.0,1.325553035260914e-05,0.001368211956779348,4.265892151843394e-07,4.2658921518433945e-05,13
Mainland China,2020-02-04,261,23680.0,490.0,843.0,Mainland China,1439323.7759999998,1.645217038365661e-05,0.001645217038365661,0.020692567567567568,2.069256756756757,22837.0,1.5866478676164106e-05,0.001645217038365661,5.85691707492505e-07,5.856917074925053e-05,14
Mainland China,2020-02-05,289,27409.0,562.0,1115.0,Mainland China,1439323.7759999998,1.9042970356657265e-05,0.0019042970356657266,0.020504213944324855,2.050421394432486,26294.0,1.8268301016379515e-05,0.0019042970356657266,7.7466934027775e-07,7.7466934027775e-05,15
Mainland China,2020-02-06,317,30553.0,632.0,1476.0,Mainland China,1439323.7759999998,2.1227329465027887e-05,0.0021227329465027885,0.020685366412463588,2.0685366412463586,29077.0,2.0201847898884427e-05,0.0021227329465027885,1.025481566143461e-06,0.00010254815661434608,16
Mainland China,2020-02-07,345,34075.0,717.0,1998.0,Mainland China,1439323.7759999998,2.36743119013133e-05,0.00236743119013133,0.021041819515774027,2.1041819515774027,32077.0,2.2286160025192275e-05,0.00236743119013133,1.3881518761210264e-06,0.00013881518761210264,17
Mainland China,2020-02-08,374,36778.0,804.0,2595.0,Mainland China,1439323.7759999998,2.555227712711667e-05,0.0025552277127116672,0.02186089510033172,2.1860895100331716,34183.0,2.3749347137860384e-05,0.0025552277127116672,1.8029299892562882e-06,0.00018029299892562882,18
Mainland China,2020-02-09,403,39790.0,904.0,3218.0,Mainland China,1439323.7759999998,2.7644926501929747e-05,0.002764492650192975,0.02271927620005026,2.2719276200050267,36572.0,2.5409154361110198e-05,0.002764492650192975,2.235772140819551e-06,0.00022357721408195508,19
Mainland China,2020-02-10,432,42306.0,1011.0,3917.0,Mainland China,1439323.7759999998,2.9392969605193267e-05,0.0029392969605193265,0.0238973195291448,2.38973195291448,38389.0,2.667155273894399e-05,0.0029392969605193265,2.72141686624928e-06,0.00027214168662492797,20
Mainland China,2020-02-11,461,44327.0,1111.0,4635.0,Mainland China,1439323.7759999998,3.079710120761599e-05,0.003079710120761599,0.02506373090892684,2.506373090892684,39692.0,2.7576838972470362e-05,0.003079710120761599,3.2202622351456247e-06,0.00032202622351456243,21
Mainland China,2020-02-12,490,44699.0,1116.0,5079.0,Mainland China,1439323.7759999998,3.105555591127816e-05,0.003105555591127816,0.024967001498914964,2.496700149891496,39620.0,2.752681548143897e-05,0.003105555591127816,3.5287404298391862e-06,0.0003528740429839186,22
Mainland China,2020-02-13,519,59832.0,1368.0,6213.0,Mainland China,1439323.7759999998,4.156952104708371e-05,0.004156952104708371,0.02286401925391095,2.2864019253910954,53619.0,3.725291063350016e-05,0.004156952104708371,4.316610413583552e-06,0.0004316610413583552,23
Mainland China,2020-02-14,549,66292.0,1520.0,7973.0,Mainland China,1439323.7759999998,4.6057739825733285e-05,0.004605773982573328,0.022928860194291918,2.292886019429192,58319.0,4.051833296471578e-05,0.004605773982573328,5.53940686101749e-06,0.0005539406861017488,24
Mainland China,2020-02-15,579,68347.0,1662.0,9294.0,Mainland China,1439323.7759999998,4.748549363225415e-05,0.0047485493632254145,0.024317087801951805,2.4317087801951804,59053.0,4.102829466495244e-05,0.0047485493632254145,6.457198967301711e-06,0.0006457198967301711,25
Mainland China,2020-02-16,609,70446.0,1765.0,10748.0,Mainland China,1439323.7759999998,4.894381734996088e-05,0.004894381734996086,0.02505465179002356,2.5054651790023565,59698.0,4.147642177210863e-05,0.004894381734996086,7.4673955778522475e-06,0.0007467395577852249,26
Mainland China,2020-02-17,639,72364.0,1863.0,12455.0,Mainland China,1439323.7759999998,5.027638756938036e-05,0.005027638756938036,0.025744845503288927,2.5744845503288927,59909.0,4.162301839165895e-05,0.005027638756938036,8.653369177721413e-06,0.0008653369177721412,27
Mainland China,2020-02-18,669,74139.0,2002.0,14199.0,Mainland China,1439323.7759999998,5.150960557744583e-05,0.0051509605577445845,0.027003331579870244,2.7003331579870244,59940.0,4.1644556283630796e-05,0.0051509605577445845,9.865049293815042e-06,0.0009865049293815039,28
Mainland China,2020-02-19,700,74546.0,2114.0,15952.0,Mainland China,1439323.7759999998,5.179237725591493e-05,0.005179237725591493,0.028358329085396938,2.8358329085396936,58594.0,4.070939490962734e-05,0.005179237725591493,1.1082982346287594e-05,0.001108298234628759,29
Mainland China,2020-02-20,731,74999.0,2236.0,18002.0,Mainland China,1439323.7759999998,5.210710838698742e-05,0.005210710838698742,0.029813730849744664,2.9813730849744666,56997.0,3.95998460877228e-05,0.005210710838698742,1.2507262299264625e-05,0.0012507262299264626,30
Mainland China,2020-02-21,764,75472.0,2236.0,18693.0,Mainland China,1439323.7759999998,5.243573493223529e-05,0.0052435734932235285,0.02962688149247403,2.9626881492474038,56779.0,3.944838607321109e-05,0.0052435734932235285,1.2987348859024198e-05,0.0012987348859024195,31
Mainland China,2020-02-22,797,76922.0,2441.0,22687.0,Mainland China,1439323.7759999998,5.344315245995075e-05,0.005344315245995075,0.031733444268219765,3.173344426821976,54235.0,3.768088939010204e-05,0.005344315245995075,1.576226306984871e-05,0.0015762263069848714,32
Mainland China,2020-02-23,831,76938.0,2443.0,23170.0,Mainland China,1439323.7759999998,5.345426879129106e-05,0.005345426879129107,0.03175283994904988,3.1752839949049885,53768.0,3.735643146910678e-05,0.005345426879129107,1.6097837322184274e-05,0.0016097837322184274,33
Mainland China,2020-02-24,868,77152.0,2593.0,24990.0,Mainland China,1439323.7759999998,5.360294972296768e-05,0.005360294972296768,0.03360897967648279,3.360897967648279,52162.0,3.6240629710823306e-05,0.005360294972296768,1.7362320012144365e-05,0.0017362320012144366,34
Mainland China,2020-02-25,909,77660.0,2663.0,27650.0,Mainland China,1439323.7759999998,5.395589324302248e-05,0.0053955893243022475,0.034290497038372385,3.4290497038372387,50010.0,3.474548314555182e-05,0.0053955893243022475,1.9210410097470665e-05,0.0019210410097470665,35
Mainland China,2020-02-26,954,78065.0,2715.0,30053.0,Mainland China,1439323.7759999998,5.423727538007404e-05,0.005423727538007404,0.034778710049317874,3.477871004931788,48012.0,3.335733126943079e-05,0.005423727538007404,2.087994411064325e-05,0.002087994411064325,36
Mainland China,2020-02-27,1005,78498.0,2744.0,32898.0,Mainland China,1439323.7759999998,5.453811109697114e-05,0.0054538111096971145,0.03495630461922597,3.495630461922597,45600.0,3.168154431987928e-05,0.0054538111096971145,2.2856566777091856e-05,0.0022856566777091857,37
Mainland China,2020-02-28,1062,78824.0,2788.0,36291.0,Mainland China,1439323.7759999998,5.476460634802993e-05,0.005476460634802992,0.03536993808992185,3.536993808992185,42533.0,2.955068255608389e-05,0.005476460634802992,2.521392379194603e-05,0.002521392379194603,38
Mainland China,2020-02-29,1124,79251.0,2835.0,39279.0,Mainland China,1439323.7759999998,5.5061273440674414e-05,0.005506127344067441,0.035772419275466566,3.5772419275466563,39972.0,2.777137477092576e-05,0.005506127344067441,2.7289898669748652e-05,0.002728989866974865,39
Mainland China,2020-03-01,1192,79826.0,2870.0,42118.0,Mainland China,1439323.7759999998,5.546076659821674e-05,0.005546076659821674,0.03595319820609826,3.5953198206098262,37708.0,2.6198413886272103e-05,0.005546076659821674,2.926235271194464e-05,0.002926235271194464,40
Mainland China,2020-03-02,1263,80026.0,2912.0,44810.0,Mainland China,1439323.7759999998,5.55997207399706e-05,0.00555997207399706,0.03638817384350086,3.6388173843500864,35216.0,2.4467045280019048e-05,0.00555997207399706,3.113267545995155e-05,0.003113267545995155,41
Mainland China,2020-03-03,1341,80151.0,2945.0,47404.0,Mainland China,1439323.7759999998,5.568656707856677e-05,0.005568656707856676,0.036743147309453404,3.674314730945341,32747.0,2.2751656400067692e-05,0.005568656707856676,3.2934910678499076e-05,0.003293491067849907,42
Mainland China,2020-03-04,1424,80271.0,2981.0,49955.0,Mainland China,1439323.7759999998,5.576993956361907e-05,0.005576993956361907,0.03713669943067858,3.7136699430678575,30316.0,2.1062668807049567e-05,0.005576993956361907,3.4707270756569514e-05,0.0034707270756569506,43
Mainland China,2020-03-05,1511,80422.0,3013.0,52240.0,Mainland China,1439323.7759999998,5.587484994064324e-05,0.005587484994064324,0.037464872796001095,3.746487279600109,28182.0,1.958002811453592e-05,0.005587484994064324,3.629482182610732e-05,0.003629482182610732,44
Mainland China,2020-03-06,1605,80573.0,3042.0,53888.0,Mainland China,1439323.7759999998,5.5979760317667394e-05,0.0055979760317667404,0.037754582800690065,3.7754582800690057,26685.0,1.8539956363508304e-05,0.0055979760317667404,3.7439803954159096e-05,0.0037439803954159093,45
Mainland China,2020-03-07,1705,80652.0,3070.0,55478.0,Mainland China,1439323.7759999998,5.603464720366017e-05,0.0056034647203660175,0.0380647721073253,3.8064772107325298,25174.0,1.7490157822557916e-05,0.0056034647203660175,3.8544489381102254e-05,0.003854448938110225,46
Mainland China,2020-03-08,1809,80699.0,3097.0,57320.0,Mainland China,1439323.7759999998,5.606730142697233e-05,0.005606730142697232,0.03837717939503588,3.8377179395035874,23379.0,1.6243044400317055e-05,0.005606730142697232,3.9824257026655266e-05,0.003982425702665528,47
Mainland China,2020-03-09,1920,80735.0,3120.0,58735.0,Mainland China,1439323.7759999998,5.609231317248803e-05,0.005609231317248802,0.03864494952622778,3.8644949526227785,22000.0,1.5284955592924215e-05,0.005609231317248802,4.080735757956381e-05,0.004080735757956381,48
Mainland China,2020-03-10,2034,80757.0,3136.0,60106.0,Mainland China,1439323.7759999998,5.610759812808094e-05,0.005610759812808095,0.03883254702378741,3.8832547023787414,20651.0,1.4347709906794452e-05,0.005610759812808095,4.17598882212865e-05,0.00417598882212865,49
Malaysia,2020-03-09,1921,117.0,0.0,24.0,Malaysia,32365.999,3.614904641132814e-06,0.00036149046411328135,0.0,0.0,93.0,2.873385740387621e-06,0.00036149046411328135,7.415189007451927e-07,7.415189007451926e-05,1
Malaysia,2020-03-10,2035,129.0,0.0,24.0,Malaysia,32365.999,3.9856640915054086e-06,0.00039856640915054097,0.0,0.0,105.0,3.244145190760218e-06,0.00039856640915054097,7.415189007451927e-07,7.415189007451926e-05,2
Malaysia,2020-03-11,2153,149.0,0.0,26.0,Malaysia,32365.999,4.60359650879307e-06,0.000460359650879307,0.0,0.0,123.0,3.8002843663191117e-06,0.000460359650879307,8.033121424739586e-07,8.033121424739585e-05,3
Malaysia,2020-03-12,2271,149.0,0.0,26.0,Malaysia,32365.999,4.60359650879307e-06,0.000460359650879307,0.0,0.0,123.0,3.8002843663191117e-06,0.000460359650879307,8.033121424739586e-07,8.033121424739585e-05,4
Malaysia,2020-03-13,2396,197.0,0.0,26.0,Malaysia,32365.999,6.086634310283455e-06,0.0006086634310283455,0.0,0.0,171.0,5.283322167809497e-06,0.0006086634310283455,8.033121424739586e-07,8.033121424739585e-05,5
Malaysia,2020-03-14,2528,238.0,0.0,35.0,Malaysia,32365.999,7.353395765723158e-06,0.0007353395765723159,0.0,0.0,203.0,6.272014035469752e-06,0.0007353395765723159,1.0813817302534055e-06,0.00010813817302534057,6
Malaysia,2020-03-15,2674,428.0,0.0,42.0,Malaysia,32365.999,1.3223753729955933e-05,0.0013223753729955936,0.0,0.0,386.0,1.1926095653651845e-05,0.0013223753729955936,1.297658076304087e-06,0.00012976580763040868,7
Netherlands,2020-03-06,1611,128.0,1.0,0.0,Netherlands,17134.872,7.470146260794945e-06,0.0007470146260794945,0.0078125,0.78125,128.0,7.470146260794945e-06,0.0007470146260794945,0.0,0.0,1
Netherlands,2020-03-07,1713,188.0,1.0,0.0,Netherlands,17134.872,1.0971777320542576e-05,0.0010971777320542577,0.0053191489361702135,0.5319148936170213,188.0,1.0971777320542576e-05,0.0010971777320542577,0.0,0.0,2
Netherlands,2020-03-08,1819,265.0,3.0,0.0,Netherlands,17134.872,1.5465537180552036e-05,0.0015465537180552036,0.011320754716981131,1.1320754716981132,265.0,1.5465537180552036e-05,0.0015465537180552036,0.0,0.0,3
Netherlands,2020-03-09,1930,321.0,3.0,0.0,Netherlands,17134.872,1.8733726169649824e-05,0.0018733726169649825,0.009345794392523364,0.9345794392523364,321.0,1.8733726169649824e-05,0.0018733726169649825,0.0,0.0,4
Netherlands,2020-03-10,2044,382.0,4.0,0.0,Netherlands,17134.872,2.2293717747059915e-05,0.002229371774705992,0.010471204188481676,1.0471204188481675,382.0,2.2293717747059915e-05,0.002229371774705992,0.0,0.0,5
Netherlands,2020-03-11,2163,503.0,5.0,0.0,Netherlands,17134.872,2.9355340384217634e-05,0.002935534038421763,0.009940357852882704,0.9940357852882704,503.0,2.9355340384217634e-05,0.002935534038421763,0.0,0.0,6
Netherlands,2020-03-12,2281,503.0,5.0,0.0,Netherlands,17134.872,2.9355340384217634e-05,0.002935534038421763,0.009940357852882704,0.9940357852882704,503.0,2.9355340384217634e-05,0.002935534038421763,0.0,0.0,7
Netherlands,2020-03-13,2406,804.0,10.0,0.0,Netherlands,17134.872,4.692185620061825e-05,0.004692185620061825,0.01243781094527363,1.2437810945273633,804.0,4.692185620061825e-05,0.004692185620061825,0.0,0.0,8
Netherlands,2020-03-14,2540,959.0,12.0,2.0,Netherlands,17134.872,5.596773643829962e-05,0.0055967736438299635,0.01251303441084463,1.2513034410844628,957.0,5.58510154029747e-05,0.0055967736438299635,1.1672103532492102e-07,1.1672103532492102e-05,9
Netherlands,2020-03-15,2686,1135.0,20.0,2.0,Netherlands,17134.872,6.623918754689268e-05,0.006623918754689267,0.01762114537444934,1.7621145374449338,1133.0,6.612246651156775e-05,0.006623918754689267,1.1672103532492102e-07,1.1672103532492102e-05,10
Norway,2020-03-06,1615,108.0,0.0,0.0,Norway,5421.241,1.9921637868524935e-05,0.0019921637868524932,0.0,0.0,108.0,1.9921637868524935e-05,0.0019921637868524932,0.0,0.0,1
Norway,2020-03-07,1717,147.0,0.0,0.0,Norway,5421.241,2.711556265438117e-05,0.002711556265438117,0.0,0.0,147.0,2.711556265438117e-05,0.002711556265438117,0.0,0.0,2
Norway,2020-03-08,1823,176.0,0.0,0.0,Norway,5421.241,3.246489134129989e-05,0.0032464891341299896,0.0,0.0,176.0,3.246489134129989e-05,0.0032464891341299896,0.0,0.0,3
Norway,2020-03-09,1934,205.0,0.0,1.0,Norway,5421.241,3.781422002821864e-05,0.0037814220028218643,0.0,0.0,204.0,3.762976041832488e-05,0.0037814220028218643,1.8445960989374944e-07,1.8445960989374947e-05,4
Norway,2020-03-10,2048,400.0,0.0,1.0,Norway,5421.241,7.378384395749977e-05,0.007378384395749976,0.0,0.0,399.0,7.3599384347606e-05,0.007378384395749976,1.8445960989374944e-07,1.8445960989374947e-05,5
Norway,2020-03-11,2167,598.0,0.0,1.0,Norway,5421.241,0.00011030684671646216,0.011030684671646215,0.0,0.0,597.0,0.00011012238710656841,0.011030684671646215,1.8445960989374944e-07,1.8445960989374947e-05,6
Norway,2020-03-12,2285,702.0,0.0,1.0,Norway,5421.241,0.0001294906461454121,0.01294906461454121,0.0,0.0,701.0,0.00012930618653551835,0.01294906461454121,1.8445960989374944e-07,1.8445960989374947e-05,7
Norway,2020-03-13,2410,996.0,0.0,1.0,Norway,5421.241,0.0001837217714541744,0.018372177145417442,0.0,0.0,995.0,0.00018353731184428068,0.018372177145417442,1.8445960989374944e-07,1.8445960989374947e-05,8
Norway,2020-03-14,2544,1090.0,3.0,1.0,Norway,5421.241,0.00020106097478418688,0.020106097478418686,0.0027522935779816515,0.27522935779816515,1089.0,0.00020087651517429312,0.020106097478418686,1.8445960989374944e-07,1.8445960989374947e-05,9
Norway,2020-03-15,2690,1221.0,3.0,1.0,Norway,5421.241,0.00022522518368026803,0.0225225183680268,0.002457002457002457,0.2457002457002457,1220.0,0.00022504072407037432,0.0225225183680268,1.8445960989374944e-07,1.8445960989374947e-05,10
Others,2020-02-10,435,135.0,0.0,0.0,,,,,0.0,0.0,135.0,,,,,1
Others,2020-02-11,464,135.0,0.0,0.0,,,,,0.0,0.0,135.0,,,,,2
Others,2020-02-12,493,175.0,0.0,0.0,,,,,0.0,0.0,175.0,,,,,3
Others,2020-02-13,522,175.0,0.0,0.0,,,,,0.0,0.0,175.0,,,,,4
Others,2020-02-14,552,218.0,0.0,0.0,,,,,0.0,0.0,218.0,,,,,5
Others,2020-02-15,582,285.0,0.0,0.0,,,,,0.0,0.0,285.0,,,,,6
Others,2020-02-16,612,355.0,0.0,0.0,,,,,0.0,0.0,355.0,,,,,7
Others,2020-02-17,642,454.0,0.0,0.0,,,,,0.0,0.0,454.0,,,,,8
Others,2020-02-18,672,542.0,0.0,0.0,,,,,0.0,0.0,542.0,,,,,9
Others,2020-02-19,703,621.0,0.0,1.0,,,,,0.0,0.0,620.0,,,,,10
Others,2020-02-20,734,634.0,2.0,1.0,,,,,0.003154574132492113,0.3154574132492113,633.0,,,,,11
Others,2020-02-21,767,634.0,2.0,1.0,,,,,0.003154574132492113,0.3154574132492113,633.0,,,,,12
Others,2020-02-22,800,634.0,2.0,1.0,,,,,0.003154574132492113,0.3154574132492113,633.0,,,,,13
Others,2020-02-23,834,691.0,3.0,0.0,,,,,0.004341534008683068,0.4341534008683069,691.0,,,,,14
Others,2020-02-24,872,691.0,3.0,0.0,,,,,0.004341534008683068,0.4341534008683069,691.0,,,,,15
Others,2020-02-25,913,691.0,3.0,0.0,,,,,0.004341534008683068,0.4341534008683069,691.0,,,,,16
Others,2020-02-26,960,705.0,4.0,10.0,,,,,0.005673758865248227,0.5673758865248227,695.0,,,,,17
Others,2020-02-27,1012,705.0,4.0,10.0,,,,,0.005673758865248227,0.5673758865248227,695.0,,,,,18
Others,2020-02-28,1073,705.0,6.0,10.0,,,,,0.00851063829787234,0.851063829787234,695.0,,,,,19
Others,2020-02-29,1135,705.0,6.0,10.0,,,,,0.00851063829787234,0.851063829787234,695.0,,,,,20
Others,2020-03-01,1203,705.0,6.0,10.0,,,,,0.00851063829787234,0.851063829787234,695.0,,,,,21
Others,2020-03-02,1275,705.0,6.0,10.0,,,,,0.00851063829787234,0.851063829787234,695.0,,,,,22
Others,2020-03-03,1353,706.0,6.0,10.0,,,,,0.0084985835694051,0.8498583569405099,696.0,,,,,23
Others,2020-03-04,1436,706.0,6.0,10.0,,,,,0.0084985835694051,0.8498583569405099,696.0,,,,,24
Others,2020-03-05,1523,706.0,6.0,10.0,,,,,0.0084985835694051,0.8498583569405099,696.0,,,,,25
Others,2020-03-06,1617,696.0,6.0,40.0,,,,,0.008620689655172414,0.8620689655172413,656.0,,,,,26
Others,2020-03-07,1719,696.0,6.0,40.0,,,,,0.008620689655172414,0.8620689655172413,656.0,,,,,27
Others,2020-03-08,1825,696.0,6.0,40.0,,,,,0.008620689655172414,0.8620689655172413,656.0,,,,,28
Others,2020-03-09,1936,696.0,6.0,40.0,,,,,0.008620689655172414,0.8620689655172413,656.0,,,,,29
Others,2020-03-10,2050,696.0,6.0,40.0,,,,,0.008620689655172414,0.8620689655172413,656.0,,,,,30
Philippines,2020-03-14,2550,111.0,8.0,2.0,Philippines,109581.07800000001,1.0129486041376594e-06,0.00010129486041376596,0.07207207207207207,7.207207207207206,109.0,9.94697277936981e-07,0.00010129486041376596,1.825132620067855e-08,1.825132620067855e-06,1
Philippines,2020-03-15,2696,140.0,11.0,2.0,Philippines,109581.07800000001,1.2775928340474985e-06,0.00012775928340474986,0.07857142857142857,7.857142857142858,138.0,1.25934150784682e-06,0.00012775928340474986,1.825132620067855e-08,1.825132620067855e-06,2
Poland,2020-03-14,2551,103.0,3.0,0.0,Poland,37846.611000000004,2.7215118415754587e-06,0.0002721511841575458,0.029126213592233014,2.9126213592233015,103.0,2.7215118415754587e-06,0.0002721511841575458,0.0,0.0,1
Poland,2020-03-15,2697,119.0,3.0,0.0,Poland,37846.611000000004,3.144270962596889e-06,0.00031442709625968885,0.025210084033613446,2.5210084033613445,119.0,3.144270962596889e-06,0.00031442709625968885,0.0,0.0,2
Portugal,2020-03-13,2418,112.0,0.0,1.0,Portugal,10196.709,1.0983936091536986e-05,0.0010983936091536986,0.0,0.0,111.0,1.0885865233576833e-05,0.0010983936091536986,9.807085796015166e-08,9.807085796015166e-06,1
Portugal,2020-03-14,2552,169.0,0.0,2.0,Portugal,10196.709,1.657397499526563e-05,0.001657397499526563,0.0,0.0,167.0,1.6377833279345325e-05,0.001657397499526563,1.9614171592030326e-07,1.961417159203033e-05,2
Portugal,2020-03-15,2698,245.0,0.0,2.0,Portugal,10196.709,2.4027360200237163e-05,0.002402736020023716,0.0,0.0,243.0,2.383121848431685e-05,0.002402736020023716,1.9614171592030326e-07,1.961417159203033e-05,3
Qatar,2020-03-11,2176,262.0,0.0,0.0,Qatar,2881.053,9.093897266034328e-05,0.009093897266034328,0.0,0.0,262.0,9.093897266034328e-05,0.009093897266034328,0.0,0.0,1
Qatar,2020-03-12,2294,262.0,0.0,0.0,Qatar,2881.053,9.093897266034328e-05,0.009093897266034328,0.0,0.0,262.0,9.093897266034328e-05,0.009093897266034328,0.0,0.0,2
Qatar,2020-03-13,2419,320.0,0.0,0.0,Qatar,2881.053,0.0001110705009591979,0.011107050095919791,0.0,0.0,320.0,0.0001110705009591979,0.011107050095919791,0.0,0.0,3
Qatar,2020-03-14,2553,337.0,0.0,4.0,Qatar,2881.053,0.0001169711213226553,0.01169711213226553,0.0,0.0,333.0,0.00011558274006066533,0.01169711213226553,1.3883812619899738e-06,0.00013883812619899742,4
Qatar,2020-03-15,2699,401.0,0.0,4.0,Qatar,2881.053,0.00013918522151449487,0.013918522151449488,0.0,0.0,397.0,0.0001377968402525049,0.013918522151449488,1.3883812619899738e-06,0.00013883812619899742,5
Republic of Korea,2020-03-10,2059,7513.0,54.0,247.0,,,,,0.007187541594569412,0.7187541594569413,7266.0,,,,,1
Romania,2020-03-14,2555,123.0,0.0,9.0,Romania,19237.691000000003,6.393698703238346e-06,0.0006393698703238347,0.0,0.0,114.0,5.925867090806272e-06,0.0006393698703238347,4.6783161243207405e-07,4.678316124320741e-05,1
Romania,2020-03-15,2701,131.0,0.0,9.0,Romania,19237.691000000003,6.809549025400188e-06,0.0006809549025400191,0.0,0.0,122.0,6.341717412968115e-06,0.0006809549025400191,4.6783161243207405e-07,4.678316124320741e-05,2
San Marino,2020-03-15,2706,101.0,5.0,4.0,San Marino,33.931,0.0029766290412896767,0.2976629041289676,0.049504950495049514,4.950495049504951,97.0,0.0028587427426247387,0.2976629041289676,0.00011788629866493767,0.01178862986649377,1
Saudi Arabia,2020-03-14,2561,103.0,0.0,1.0,Saudi Arabia,34813.871,2.95859084443669e-06,0.000295859084443669,0.0,0.0,102.0,2.9298666614809938e-06,0.000295859084443669,2.8724182955696023e-08,2.8724182955696028e-06,1
Saudi Arabia,2020-03-15,2707,103.0,0.0,1.0,Saudi Arabia,34813.871,2.95859084443669e-06,0.000295859084443669,0.0,0.0,102.0,2.9298666614809938e-06,0.000295859084443669,2.8724182955696023e-08,2.8724182955696028e-06,2
Singapore,2020-02-29,1142,102.0,0.0,72.0,Singapore,5850.342,1.7434878166096955e-05,0.0017434878166096956,0.0,0.0,30.0,5.127905342969693e-06,0.0017434878166096956,1.2306972823127264e-05,0.0012306972823127266,1
Singapore,2020-03-01,1210,106.0,0.0,72.0,Singapore,5850.342,1.8118598878492914e-05,0.0018118598878492913,0.0,0.0,34.0,5.811626055365653e-06,0.0018118598878492913,1.2306972823127264e-05,0.0012306972823127266,2
Singapore,2020-03-02,1285,108.0,0.0,78.0,Singapore,5850.342,1.8460459234690893e-05,0.0018460459234690895,0.0,0.0,30.0,5.127905342969693e-06,0.0018460459234690895,1.3332553891721206e-05,0.0013332553891721205,3
Singapore,2020-03-03,1363,110.0,0.0,78.0,Singapore,5850.342,1.880231959088888e-05,0.0018802319590888875,0.0,0.0,32.0,5.4697656991676735e-06,0.0018802319590888875,1.3332553891721206e-05,0.0013332553891721205,4
Singapore,2020-03-04,1448,110.0,0.0,78.0,Singapore,5850.342,1.880231959088888e-05,0.0018802319590888875,0.0,0.0,32.0,5.4697656991676735e-06,0.0018802319590888875,1.3332553891721206e-05,0.0013332553891721205,5
Singapore,2020-03-05,1536,117.0,0.0,78.0,Singapore,5850.342,1.99988308375818e-05,0.00199988308375818,0.0,0.0,39.0,6.666276945860601e-06,0.00199988308375818,1.3332553891721206e-05,0.0013332553891721205,6
Singapore,2020-03-06,1632,130.0,0.0,78.0,Singapore,5850.342,2.222092315286867e-05,0.002222092315286867,0.0,0.0,52.0,8.888369261147467e-06,0.002222092315286867,1.3332553891721206e-05,0.0013332553891721205,7
Singapore,2020-03-07,1734,138.0,0.0,78.0,Singapore,5850.342,2.358836457766059e-05,0.0023588364577660586,0.0,0.0,60.0,1.0255810685939386e-05,0.0023588364577660586,1.3332553891721206e-05,0.0013332553891721205,8
Singapore,2020-03-08,1842,150.0,0.0,78.0,Singapore,5850.342,2.5639526714848464e-05,0.0025639526714848464,0.0,0.0,72.0,1.2306972823127264e-05,0.0025639526714848464,1.3332553891721206e-05,0.0013332553891721205,9
Singapore,2020-03-09,1952,150.0,0.0,78.0,Singapore,5850.342,2.5639526714848464e-05,0.0025639526714848464,0.0,0.0,72.0,1.2306972823127264e-05,0.0025639526714848464,1.3332553891721206e-05,0.0013332553891721205,10
Singapore,2020-03-10,2069,160.0,0.0,78.0,Singapore,5850.342,2.7348828495838364e-05,0.002734882849583837,0.0,0.0,82.0,1.401627460411716e-05,0.002734882849583837,1.3332553891721206e-05,0.0013332553891721205,11
Singapore,2020-03-11,2184,178.0,0.0,96.0,Singapore,5850.342,3.042557170162018e-05,0.0030425571701620177,0.0,0.0,82.0,1.401627460411716e-05,0.0030425571701620177,1.6409297097503014e-05,0.0016409297097503015,12
Singapore,2020-03-12,2302,178.0,0.0,96.0,Singapore,5850.342,3.042557170162018e-05,0.0030425571701620177,0.0,0.0,82.0,1.401627460411716e-05,0.0030425571701620177,1.6409297097503014e-05,0.0016409297097503015,13
Singapore,2020-03-13,2427,200.0,0.0,97.0,Singapore,5850.342,3.418603561979795e-05,0.0034186035619797953,0.0,0.0,103.0,1.7605808344195947e-05,0.0034186035619797953,1.6580227275602012e-05,0.0016580227275602008,14
Singapore,2020-03-14,2565,212.0,0.0,105.0,Singapore,5850.342,3.623719775698583e-05,0.0036237197756985827,0.0,0.0,107.0,1.8289529056591905e-05,0.0036237197756985827,1.7947668700393923e-05,0.0017947668700393927,15
Singapore,2020-03-15,2711,226.0,0.0,105.0,Singapore,5850.342,3.8630220250371694e-05,0.0038630220250371688,0.0,0.0,121.0,2.0682551549977758e-05,0.0038630220250371688,1.7947668700393923e-05,0.0017947668700393927,16
Slovenia,2020-03-13,2429,141.0,0.0,0.0,Slovenia,2078.938,6.782309044329365e-05,0.006782309044329365,0.0,0.0,141.0,6.782309044329365e-05,0.006782309044329365,0.0,0.0,1
Slovenia,2020-03-14,2567,181.0,1.0,0.0,Slovenia,2078.938,8.706368347685213e-05,0.008706368347685211,0.0055248618784530384,0.5524861878453038,181.0,8.706368347685213e-05,0.008706368347685211,0.0,0.0,2
Slovenia,2020-03-15,2713,219.0,1.0,0.0,Slovenia,2078.938,0.00010534224685873268,0.010534224685873268,0.0045662100456621,0.45662100456620996,219.0,0.00010534224685873268,0.010534224685873268,0.0,0.0,3
South Korea,2020-02-20,738,104.0,1.0,16.0,South Korea,51269.185,2.028508937678646e-06,0.00020285089376786465,0.009615384615384616,0.9615384615384616,88.0,1.716430639574239e-06,0.00020285089376786465,3.120782981044072e-07,3.120782981044072e-05,1
South Korea,2020-02-21,771,204.0,2.0,16.0,South Korea,51269.185,3.978998300831192e-06,0.00039789983008311916,0.00980392156862745,0.9803921568627452,188.0,3.666920002726784e-06,0.00039789983008311916,3.120782981044072e-07,3.120782981044072e-05,2
South Korea,2020-02-22,804,433.0,2.0,16.0,South Korea,51269.185,8.445618942450521e-06,0.0008445618942450519,0.0046189376443418004,0.4618937644341801,417.0,8.133540644346112e-06,0.0008445618942450519,3.120782981044072e-07,3.120782981044072e-05,3
South Korea,2020-02-23,838,602.0,6.0,18.0,South Korea,51269.185,1.1741945966178321e-05,0.0011741945966178321,0.009966777408637871,0.9966777408637874,584.0,1.139085788081086e-05,0.0011741945966178321,3.5108808536745813e-07,3.5108808536745805e-05,4
South Korea,2020-02-24,876,833.0,8.0,18.0,South Korea,51269.185,1.6247576395060698e-05,0.0016247576395060695,0.009603841536614643,0.9603841536614646,815.0,1.589648830969324e-05,0.0016247576395060695,3.5108808536745813e-07,3.5108808536745805e-05,5
South Korea,2020-02-25,917,977.0,10.0,22.0,South Korea,51269.185,1.905628107800036e-05,0.001905628107800036,0.010235414534288641,1.023541453428864,955.0,1.86271734181068e-05,0.001905628107800036,4.2910765989355977e-07,4.291076598935599e-05,6
South Korea,2020-02-26,966,1261.0,12.0,22.0,South Korea,51269.185,2.459567086935359e-05,0.0024595670869353593,0.00951625693893735,0.9516256938937352,1239.0,2.4166563209460032e-05,0.0024595670869353593,4.2910765989355977e-07,4.291076598935599e-05,7
South Korea,2020-02-27,1019,1766.0,13.0,22.0,South Korea,51269.185,3.4445642153273935e-05,0.003444564215327394,0.007361268403171008,0.7361268403171007,1744.0,3.4016534493380376e-05,0.003444564215327394,4.2910765989355977e-07,4.291076598935599e-05,8
South Korea,2020-02-28,1080,2337.0,13.0,22.0,South Korea,51269.185,4.558293641687497e-05,0.004558293641687497,0.005562687205819428,0.5562687205819427,2315.0,4.515382875698141e-05,0.004558293641687497,4.2910765989355977e-07,4.291076598935599e-05,9
South Korea,2020-02-29,1143,3150.0,16.0,27.0,South Korea,51269.185,6.144041493930516e-05,0.006144041493930516,0.0050793650793650785,0.5079365079365079,3123.0,6.091378281125397e-05,0.006144041493930516,5.266321280511871e-07,5.266321280511871e-05,10
South Korea,2020-03-01,1211,3736.0,17.0,30.0,South Korea,51269.185,7.287028260737907e-05,0.007287028260737906,0.004550321199143469,0.4550321199143469,3706.0,7.22851357984333e-05,0.007287028260737906,5.851468089457634e-07,5.851468089457634e-05,11
South Korea,2020-03-02,1286,4335.0,28.0,30.0,South Korea,51269.185,8.45537138926628e-05,0.00845537138926628,0.006459054209919261,0.6459054209919263,4305.0,8.396856708371705e-05,0.00845537138926628,5.851468089457634e-07,5.851468089457634e-05,12
South Korea,2020-03-03,1364,5186.0,28.0,30.0,South Korea,51269.185,0.00010115237837309095,0.010115237837309094,0.005399151561897415,0.5399151561897416,5156.0,0.0001005672315641452,0.010115237837309094,5.851468089457634e-07,5.851468089457634e-05,13
South Korea,2020-03-04,1449,5621.0,35.0,41.0,South Korea,51269.185,0.00010963700710280454,0.010963700710280454,0.0062266500622665,0.62266500622665,5580.0,0.000108837306463912,0.010963700710280454,7.997006388925433e-07,7.997006388925433e-05,14
South Korea,2020-03-05,1539,6088.0,35.0,41.0,South Korea,51269.185,0.00011874579242872693,0.011874579242872692,0.005749014454664914,0.5749014454664915,6047.0,0.0001179460917898344,0.011874579242872692,7.997006388925433e-07,7.997006388925433e-05,15
South Korea,2020-03-06,1636,6593.0,42.0,135.0,South Korea,51269.185,0.00012859576371264728,0.012859576371264728,0.006370392840891854,0.6370392840891855,6458.0,0.00012596260307239134,0.012859576371264728,2.6331606402559352e-06,0.0002633160640255935,16
South Korea,2020-03-07,1738,7041.0,44.0,135.0,South Korea,51269.185,0.00013733395605957069,0.013733395605957068,0.0062491123419968755,0.6249112341996875,6906.0,0.00013470079541931477,0.013733395605957068,2.6331606402559352e-06,0.0002633160640255935,17
South Korea,2020-03-08,1846,7314.0,50.0,118.0,South Korea,51269.185,0.0001426587920209771,0.014265879202097709,0.006836204539239814,0.6836204539239814,7196.0,0.00014035721457245713,0.014265879202097709,2.3015774485200033e-06,0.0002301577448520003,18
South Korea,2020-03-09,1956,7478.0,53.0,118.0,South Korea,51269.185,0.0001458575945765473,0.014585759457654732,0.0070874565391815985,0.7087456539181599,7360.0,0.00014355601712802733,0.014585759457654732,2.3015774485200033e-06,0.0002301577448520003,19
Spain,2020-03-02,1287,120.0,0.0,2.0,Spain,46754.778,2.566582606808656e-06,0.00025665826068086556,0.0,0.0,118.0,2.523806230028512e-06,0.00025665826068086556,4.277637678014426e-08,4.2776376780144275e-06,1
Spain,2020-03-03,1365,165.0,1.0,2.0,Spain,46754.778,3.529051084361902e-06,0.0003529051084361902,0.006060606060606061,0.6060606060606061,163.0,3.4862747075817573e-06,0.0003529051084361902,4.277637678014426e-08,4.2776376780144275e-06,2
Spain,2020-03-04,1450,222.0,2.0,2.0,Spain,46754.778,4.748177822596014e-06,0.0004748177822596014,0.009009009009009007,0.9009009009009008,220.0,4.70540144581587e-06,0.0004748177822596014,4.277637678014426e-08,4.2776376780144275e-06,3
Spain,2020-03-05,1540,259.0,3.0,2.0,Spain,46754.778,5.539540793028682e-06,0.0005539540793028684,0.01158301158301158,1.1583011583011582,257.0,5.496764416248538e-06,0.0005539540793028684,4.277637678014426e-08,4.2776376780144275e-06,4
Spain,2020-03-06,1637,400.0,5.0,2.0,Spain,46754.778,8.555275356028853e-06,0.0008555275356028852,0.0125,1.25,398.0,8.512498979248708e-06,0.0008555275356028852,4.277637678014426e-08,4.2776376780144275e-06,5
Spain,2020-03-07,1739,500.0,10.0,30.0,Spain,46754.778,1.0694094195036067e-05,0.0010694094195036069,0.02,2.0,470.0,1.0052448543333902e-05,0.0010694094195036069,6.41645651702164e-07,6.416456517021639e-05,6
Spain,2020-03-08,1847,673.0,17.0,30.0,Spain,46754.778,1.4394250786518545e-05,0.0014394250786518546,0.025260029717682018,2.5260029717682015,643.0,1.375260513481638e-05,0.0014394250786518546,6.41645651702164e-07,6.416456517021639e-05,7
Spain,2020-03-09,1957,1073.0,28.0,32.0,Spain,46754.778,2.29495261425474e-05,0.00229495261425474,0.0260950605778192,2.60950605778192,1041.0,2.226510411406509e-05,0.00229495261425474,6.844220284823082e-07,6.844220284823084e-05,8
Spain,2020-03-10,2073,1695.0,35.0,32.0,Spain,46754.778,3.625297932117226e-05,0.003625297932117226,0.02064896755162242,2.0648967551622417,1663.0,3.556855729268996e-05,0.003625297932117226,6.844220284823082e-07,6.844220284823084e-05,9
Spain,2020-03-11,2188,2277.0,54.0,183.0,Spain,46754.778,4.870090496419425e-05,0.004870090496419425,0.023715415019762844,2.371541501976284,2094.0,4.478686648881105e-05,0.004870090496419425,3.9140384753832e-06,0.00039140384753832004,10
Spain,2020-03-12,2306,2277.0,55.0,183.0,Spain,46754.778,4.870090496419425e-05,0.004870090496419425,0.024154589371980683,2.415458937198068,2094.0,4.478686648881105e-05,0.004870090496419425,3.9140384753832e-06,0.00039140384753832004,11
Spain,2020-03-13,2431,5232.0,133.0,193.0,Spain,46754.778,0.00011190300165685739,0.011190300165685741,0.025420489296636085,2.5420489296636086,5039.0,0.00010777508129757347,0.011190300165685741,4.127920359283922e-06,0.0004127920359283922,12
Spain,2020-03-14,2569,6391.0,195.0,517.0,Spain,46754.778,0.000136691912000951,0.0136691912000951,0.030511657017681118,3.0511657017681117,5874.0,0.00012563421860328368,0.0136691912000951,1.1057693397667293e-05,0.0011057693397667292,13
Spain,2020-03-15,2715,7798.0,289.0,517.0,Spain,46754.778,0.0001667850930657825,0.01667850930657825,0.03706078481661965,3.7060784816619647,7281.0,0.00015572739966811518,0.01667850930657825,1.1057693397667293e-05,0.0011057693397667292,14
Sweden,2020-03-06,1639,101.0,0.0,0.0,Sweden,10099.265,1.0000727775734177e-05,0.0010000727775734176,0.0,0.0,101.0,1.0000727775734177e-05,0.0010000727775734176,0.0,0.0,1
Sweden,2020-03-07,1741,161.0,0.0,0.0,Sweden,10099.265,1.594175417716042e-05,0.001594175417716042,0.0,0.0,161.0,1.594175417716042e-05,0.001594175417716042,0.0,0.0,2
Sweden,2020-03-08,1849,203.0,0.0,0.0,Sweden,10099.265,2.0100472658158785e-05,0.002010047265815879,0.0,0.0,203.0,2.0100472658158785e-05,0.002010047265815879,0.0,0.0,3
Sweden,2020-03-09,1960,248.0,0.0,1.0,Sweden,10099.265,2.455624245922847e-05,0.0024556242459228468,0.0,0.0,247.0,2.4457225352538032e-05,0.0024556242459228468,9.901710669043737e-08,9.901710669043737e-06,4
Sweden,2020-03-10,2075,355.0,0.0,1.0,Sweden,10099.265,3.5151072875105265e-05,0.0035151072875105266,0.0,0.0,354.0,3.505205576841483e-05,0.0035151072875105266,9.901710669043737e-08,9.901710669043737e-06,5
Sweden,2020-03-11,2190,500.0,1.0,1.0,Sweden,10099.265,4.9508553345218686e-05,0.004950855334521869,0.002,0.2,499.0,4.9409536238528246e-05,0.004950855334521869,9.901710669043737e-08,9.901710669043737e-06,6
Sweden,2020-03-12,2308,599.0,1.0,1.0,Sweden,10099.265,5.9311246907571986e-05,0.005931124690757197,0.001669449081803005,0.1669449081803005,598.0,5.921222980088155e-05,0.005931124690757197,9.901710669043737e-08,9.901710669043737e-06,7
Sweden,2020-03-13,2434,814.0,1.0,1.0,Sweden,10099.265,8.059992484601602e-05,0.008059992484601602,0.0012285012285012285,0.12285012285012285,813.0,8.050090773932559e-05,0.008059992484601602,9.901710669043737e-08,9.901710669043737e-06,8
Sweden,2020-03-14,2573,961.0,2.0,1.0,Sweden,10099.265,9.515543952951031e-05,0.009515543952951032,0.002081165452653486,0.20811654526534865,960.0,9.505642242281989e-05,0.009515543952951032,9.901710669043737e-08,9.901710669043737e-06,9
Sweden,2020-03-15,2719,1022.0,3.0,1.0,Sweden,10099.265,0.000101195483037627,0.0101195483037627,0.0029354207436399216,0.29354207436399216,1021.0,0.00010109646593093656,0.0101195483037627,9.901710669043737e-08,9.901710669043737e-06,10
Switzerland,2020-03-05,1543,114.0,1.0,3.0,Switzerland,8654.622,1.3172152405962965e-05,0.0013172152405962964,0.008771929824561403,0.8771929824561403,111.0,1.282551681633236e-05,0.0013172152405962964,3.466355896306043e-07,3.466355896306043e-05,1
Switzerland,2020-03-06,1640,214.0,1.0,3.0,Switzerland,8654.622,2.472667206031644e-05,0.002472667206031644,0.004672897196261682,0.4672897196261682,211.0,2.438003647068584e-05,0.002472667206031644,3.466355896306043e-07,3.466355896306043e-05,2
Switzerland,2020-03-07,1742,268.0,1.0,3.0,Switzerland,8654.622,3.096611267366732e-05,0.003096611267366732,0.00373134328358209,0.3731343283582089,265.0,3.061947708403672e-05,0.003096611267366732,3.466355896306043e-07,3.466355896306043e-05,3
Switzerland,2020-03-08,1850,337.0,2.0,3.0,Switzerland,8654.622,3.8938731235171215e-05,0.003893873123517122,0.005934718100890208,0.5934718100890208,334.0,3.859209564554061e-05,0.003893873123517122,3.466355896306043e-07,3.466355896306043e-05,4
Switzerland,2020-03-09,1961,374.0,2.0,3.0,Switzerland,8654.622,4.321390350728201e-05,0.0043213903507282,0.0053475935828877,0.53475935828877,371.0,4.286726791765141e-05,0.0043213903507282,3.466355896306043e-07,3.466355896306043e-05,5
Switzerland,2020-03-10,2076,491.0,3.0,3.0,Switzerland,8654.622,5.673269150287559e-05,0.0056732691502875575,0.006109979633401222,0.6109979633401221,488.0,5.638605591324497e-05,0.0056732691502875575,3.466355896306043e-07,3.466355896306043e-05,6
Switzerland,2020-03-11,2191,652.0,4.0,4.0,Switzerland,8654.622,7.533546814638468e-05,0.007533546814638469,0.006134969325153374,0.6134969325153374,648.0,7.487328736021054e-05,0.007533546814638469,4.6218078617413903e-07,4.621807861741391e-05,7
Switzerland,2020-03-12,2309,652.0,4.0,4.0,Switzerland,8654.622,7.533546814638468e-05,0.007533546814638469,0.006134969325153374,0.6134969325153374,648.0,7.487328736021054e-05,0.007533546814638469,4.6218078617413903e-07,4.621807861741391e-05,8
Switzerland,2020-03-13,2435,1139.0,11.0,4.0,Switzerland,8654.622,0.00013160597886308607,0.01316059788630861,0.009657594381035995,0.9657594381035997,1135.0,0.00013114379807691197,0.01316059788630861,4.6218078617413903e-07,4.621807861741391e-05,9
Switzerland,2020-03-14,2574,1359.0,13.0,4.0,Switzerland,8654.622,0.00015702592210266376,0.015702592210266375,0.009565857247976454,0.9565857247976454,1355.0,0.0001565637413164896,0.015702592210266375,4.6218078617413903e-07,4.621807861741391e-05,10
Switzerland,2020-03-15,2720,2200.0,14.0,4.0,Switzerland,8654.622,0.0002541994323957765,0.02541994323957765,0.006363636363636364,0.6363636363636364,2196.0,0.0002537372516096024,0.02541994323957765,4.6218078617413903e-07,4.621807861741391e-05,11
Thailand,2020-03-15,2722,114.0,1.0,35.0,Thailand,69799.978,1.6332383371238313e-06,0.00016332383371238314,0.008771929824561403,0.8771929824561403,79.0,1.131805514322655e-06,0.00016332383371238314,5.014328228011762e-07,5.014328228011762e-05,1
UK,2020-03-05,1547,115.0,1.0,8.0,,,,,0.008695652173913044,0.8695652173913043,107.0,,,,,1
UK,2020-03-06,1645,163.0,2.0,8.0,,,,,0.012269938650306749,1.2269938650306749,155.0,,,,,2
UK,2020-03-07,1747,206.0,2.0,18.0,,,,,0.009708737864077669,0.9708737864077668,188.0,,,,,3
UK,2020-03-08,1855,273.0,3.0,18.0,,,,,0.01098901098901099,1.0989010989010992,255.0,,,,,4
UK,2020-03-09,1966,321.0,4.0,18.0,,,,,0.012461059190031152,1.2461059190031152,303.0,,,,,5
UK,2020-03-10,2081,382.0,6.0,18.0,,,,,0.015706806282722512,1.5706806282722512,364.0,,,,,6
US,2020-03-02,1294,101.0,6.0,7.0,US,331002.651,3.0513350782800827e-07,3.051335078280083e-05,0.0594059405940594,5.9405940594059405,94.0,2.839856409488395e-07,3.051335078280083e-05,2.1147866879168893e-08,2.114786687916889e-06,1
US,2020-03-03,1372,122.0,7.0,8.0,US,331002.651,3.68577108465515e-07,3.68577108465515e-05,0.05737704918032788,5.737704918032787,114.0,3.4440811774646483e-07,3.68577108465515e-05,2.4168990719050163e-08,2.4168990719050164e-06,2
US,2020-03-04,1458,153.0,11.0,8.0,US,331002.651,4.622319475018344e-07,4.622319475018344e-05,0.0718954248366013,7.189542483660129,145.0,4.380629567827842e-07,4.622319475018344e-05,2.4168990719050163e-08,2.4168990719050164e-06,3
US,2020-03-05,1548,221.0,12.0,8.0,US,331002.651,6.676683686137607e-07,6.676683686137607e-05,0.05429864253393665,5.429864253393665,213.0,6.434993778947107e-07,6.676683686137607e-05,2.4168990719050163e-08,2.4168990719050164e-06,4
US,2020-03-06,1646,278.0,14.0,8.0,US,331002.651,8.398724274869932e-07,8.398724274869931e-05,0.05035971223021583,5.035971223021583,270.0,8.15703436767943e-07,8.398724274869931e-05,2.4168990719050163e-08,2.4168990719050164e-06,5
US,2020-03-07,1748,417.0,17.0,8.0,US,331002.651,1.2598086412304896e-06,0.00012598086412304895,0.0407673860911271,4.076738609112709,409.0,1.2356396505114395e-06,0.00012598086412304895,2.4168990719050163e-08,2.4168990719050164e-06,6
US,2020-03-08,1856,537.0,21.0,8.0,US,331002.651,1.6223435020162422e-06,0.00016223435020162422,0.03910614525139665,3.910614525139665,529.0,1.5981745112971919e-06,0.00016223435020162422,2.4168990719050163e-08,2.4168990719050164e-06,7
US,2020-03-09,1967,605.0,22.0,8.0,US,331002.651,1.8277799231281688e-06,0.00018277799231281687,0.03636363636363636,3.636363636363636,597.0,1.8036109324091182e-06,0.00018277799231281687,2.4168990719050163e-08,2.4168990719050164e-06,8
US,2020-03-10,2082,959.0,28.0,8.0,US,331002.651,2.897257762446138e-06,0.00028972577624461384,0.0291970802919708,2.9197080291970803,951.0,2.873088771727088e-06,0.00028972577624461384,2.4168990719050163e-08,2.4168990719050164e-06,9
US,2020-03-11,2197,1281.0,36.0,8.0,US,331002.651,3.8700596388879064e-06,0.00038700596388879067,0.02810304449648712,2.8103044496487115,1273.0,3.845890648168857e-06,0.00038700596388879067,2.4168990719050163e-08,2.4168990719050164e-06,10
US,2020-03-12,2315,1663.0,40.0,12.0,US,331002.651,5.0241289457225515e-06,0.0005024128945722552,0.02405291641611545,2.4052916416115453,1651.0,4.9878754596439764e-06,0.0005024128945722552,3.6253486078575246e-08,3.625348607857525e-06,11
US,2020-03-13,2441,2179.0,47.0,12.0,US,331002.651,6.583028847101288e-06,0.0006583028847101287,0.02156952730610372,2.156952730610372,2167.0,6.546775361022713e-06,0.0006583028847101287,3.6253486078575246e-08,3.625348607857525e-06,12
US,2020-03-14,2581,2726.0,54.0,12.0,US,331002.651,8.235583587516341e-06,0.0008235583587516344,0.019809244314013204,1.9809244314013204,2714.0,8.199330101437767e-06,0.0008235583587516344,3.6253486078575246e-08,3.625348607857525e-06,13
US,2020-03-15,2727,3499.0,63.0,12.0,US,331002.651,1.0570912315744564e-05,0.0010570912315744565,0.01800514432695056,1.8005144326950555,3487.0,1.053465882966599e-05,0.0010570912315744565,3.6253486078575246e-08,3.625348607857525e-06,14
United Kingdom,2020-03-11,2200,459.0,8.0,19.0,United Kingdom,67886.011,6.761334083983813e-06,0.0006761334083983813,0.017429193899782137,1.7429193899782136,440.0,6.481453152402783e-06,0.0006761334083983813,2.798809315810293e-07,2.798809315810293e-05,1
United Kingdom,2020-03-12,2318,459.0,8.0,19.0,United Kingdom,67886.011,6.761334083983813e-06,0.0006761334083983813,0.017429193899782137,1.7429193899782136,440.0,6.481453152402783e-06,0.0006761334083983813,2.798809315810293e-07,2.798809315810293e-05,2
United Kingdom,2020-03-13,2444,801.0,8.0,19.0,United Kingdom,67886.011,1.1799190852442337e-05,0.0011799190852442335,0.009987515605493134,0.9987515605493134,782.0,1.151930992086131e-05,0.0011799190852442335,2.798809315810293e-07,2.798809315810293e-05,3
United Kingdom,2020-03-14,2584,1143.0,21.0,19.0,United Kingdom,67886.011,1.6837047620900863e-05,0.0016837047620900866,0.01837270341207349,1.837270341207349,1124.0,1.6557166689319836e-05,0.0016837047620900866,2.798809315810293e-07,2.798809315810293e-05,4
United Kingdom,2020-03-15,2730,1144.0,21.0,19.0,United Kingdom,67886.011,1.6851778196247234e-05,0.0016851778196247235,0.01835664335664336,1.835664335664336,1125.0,1.6571897264666207e-05,0.0016851778196247235,2.798809315810293e-07,2.798809315810293e-05,5
